"id","samp_period","series","avg_mass","t_22","t_24","t_26","t_28","t_30","t_32","z.log.mass"
"ld0002",1,"ld0002_1",1.08433333333333,-6.13709582035617,-5.44005629186678,-5.33537458175171,-5.4303785262092,-5.04211558972438,-5.42592576336663,-0.736342109227022
"ld0002",2,"ld0002_2",1.11966666666667,-5.51265108861901,-4.69109785948743,-5.35868369672463,-5.16233665096548,-4.91224726482475,-4.69762511590071,-0.463024272742909
"ld0002",3,"ld0002_3",1.01566666666667,-5.12322739474835,-4.83108369509568,-5.66306250133993,-4.40178136071734,-4.56763839826677,-3.97060108534079,-1.29396329723481
"ld0002",4,"ld0002_4",1.071,-4.91982285032272,-4.71995687767001,-4.57705397718234,-4.71725414229176,-4.50517146911682,-4.19802242766349,-0.841802062674772
"ld0002",5,"ld0002_5",1.12933333333333,-6.36341093681177,-4.64940110930934,-4.65946735591676,-4.25138356925333,-4.29233292502385,-4.19057006280471,-0.389750642879578
"ld0002",6,"ld0002_6",1.099,-6.34299275822718,-4.89414829793635,-4.617243981798,-4.4789355878355,-3.7982489282514,-3.86116783200157,-0.621823608573009
"ld0002",7,"ld0002_7",1.09166666666667,-5.87236788574688,-4.99286531947482,-4.88958041675613,-5.3683950405062,-4.19833561602102,-4.20646829697369,-0.678890536307414
"ld0002",8,"ld0002_8",1.04633333333333,-5.39557303759378,-4.81666806217948,-4.73372233848642,-4.02411803600017,-4.4454070853007,-4.49749701657664,-1.04041092469184
"ld0002",9,"ld0002_9",1.02866666666667,-5.0755855799973,-4.89187646801158,-4.7993071506105,-4.19300398046911,-4.37761398474951,NA,-1.18555681785022
"ld0002",10,"ld0002_10",1.038,-5.06272774983345,-5.52136067288694,-5.32355579306773,-4.92697355839637,-4.50881337227799,-4.62794190467702,-1.10856810860364
"ld0006",1,"ld0006_1",1.09266666666667,-5.9703200753898,-5.81812857335273,-5.49099427540518,-5.69690597208733,-5.35490718912546,-5.18213988577203,-0.671086148150257
"ld0006",2,"ld0006_2",1.10366666666667,-5.57034002348685,-5.67782324992362,-5.41391925763062,-5.04786811242238,-4.83187406776373,-4.57735494169564,-0.585706215535613
"ld0006",3,"ld0006_3",0.694,-6.40803933986028,-5.98535246400157,NA,-4.51323086296137,NA,-5.26156835939098,-4.54002839148531
"ld0006",4,"ld0006_4",1.03566666666667,-5.99232291540066,-5.72771785402003,-5.60004156986026,-5.08466673071736,-5.36089663494203,-5.16497441667773,-1.1277501916147
"ld0006",5,"ld0006_5",1.102,-5.79851796962349,-5.74073197696258,-4.52853595750866,-5.27179832533336,-4.95785865790433,-5.33130719603769,-0.598587723206412
"ld0006",6,"ld0006_6",1.05866666666667,-5.88619575565669,-6.04025109128397,-6.39935038281442,-6.72345235306371,-5.09145182609462,-5.02279816280713,-0.940528038540963
"ld0006",7,"ld0006_7",0.995666666666667,-6.19429040771552,-6.27067222885574,-5.2406388213332,-5.45392260373112,-5.33229554184889,-5.12127924253663,-1.46348214941244
"ld0006",8,"ld0006_8",1.01933333333333,-5.97406794923549,-5.76051855416244,-5.72554292523826,-5.4235377911426,-5.2370764640833,-4.65052431011013,-1.26324725677522
"ld0006",9,"ld0006_9",0.974,-5.91082472543481,-5.58997720650427,-5.57257422844785,-5.57560537822649,-4.361327781657,-5.2571842524305,-1.65101382272991
"ld0006",10,"ld0006_10",1.01866666666667,-6.26421492096632,-5.77414464034156,-5.63563431984194,-4.87674219189653,-4.75847009449059,-4.75740802978657,-1.26882376466368
"ld0011",1,"ld0011_1",1.191,-5.51756277550119,-4.76018930947007,-3.76222580253051,-4.59084311043705,-4.55003382066658,-5.03088167583688,0.0634182806305554
"ld0011",2,"ld0011_2",1.16933333333333,-5.56294485016498,-4.6291816681005,-4.10287278435139,-4.96843019250971,-4.34032461788683,-4.62983548895137,-0.0930724813312994
"ld0011",3,"ld0011_3",1.11033333333333,-6.04619447680988,-6.07056663064048,-5.73705398347126,-5.52386079526576,-5.32129391741495,-5.21062119075331,-0.534373979672974
"ld0011",4,"ld0011_4",1.11166666666667,-5.98933761064186,-5.37588374286254,-5.57762658933988,-6.02389807341212,-5.27352739284375,-4.88020339368885,-0.524144525095667
"ld0011",5,"ld0011_5",1.16933333333333,NA,-5.46224552383514,-5.23161113409523,-5.33884502938811,NA,-4.96556446666388,-0.0930724813312994
"ld0011",6,"ld0011_6",1.12866666666667,NA,-6.16701293369455,-5.45360158859159,-5.22651497878397,-4.97981054592968,-5.15958256019217,-0.394783824014012
"ld0011",7,"ld0011_7",1.09866666666667,-5.95904305017316,-5.7859041168173,-5.82010687463902,-5.69528646814694,-5.25777598739659,-5.02343987394538,-0.624409287950791
"ld0011",8,"ld0011_8",1.09566666666667,-5.75413221433154,-5.61415888746039,-5.45413877459809,-4.91652588037761,-5.0377991126023,-4.87139192093748,-0.647715767011074
"ld0011",9,"ld0011_9",1.087,-5.76041251046535,-5.92232549963859,-5.30097188667114,-5.22030650629452,-5.17230534869618,-4.98922528286349,-0.715405796573922
"ld0011",10,"ld0011_10",1.08266666666667,-5.71864710793746,NA,-5.59581303520159,-5.31623717146723,-5.28906886607862,-4.92145435979902,-0.749453466993795
"ld0013",1,"ld0013_1",1.08766666666667,-5.32870482402952,-5.79831152961799,-5.51998875203032,-5.22130651183781,-4.96534037403914,-4.76887994188532,-0.710179743679678
"ld0013",2,"ld0013_2",1.02533333333333,-5.64556036007986,-5.27157573268507,-5.55922119796721,-4.24999354394326,-4.95137159791916,-4.4251092658421,-1.21322218456975
"ld0013",3,"ld0013_3",0.971,-5.47630281784993,-5.40932848349246,-5.68684158528757,-4.58317907282208,-4.88530600318088,-5.1398493910963,-1.67730800914511
"ld0013",4,"ld0013_4",0.989,-5.80674852599983,-5.40837779841836,-5.52716691615156,-4.94456655371656,-5.18019803189095,-5.05441039474532,-1.5207459993461
"ld0013",5,"ld0013_5",1.051,-5.81946474346925,-5.40315313102296,-5.47530851524328,-5.25204656378227,-4.86312660927663,NA,-1.00247961986664
"ld0013",6,"ld0013_6",1.03166666666667,-4.97094238475284,-5.70738425328031,-6.24090125369792,-5.35148631360964,-5.02658466174188,-4.70536970917505,-1.16073452946771
"ld0013",7,"ld0013_7",1.01733333333333,-5.81573634545391,-5.73303076611121,-5.06250749285872,-5.37707857902075,-5.052513471181,-6.06403179908852,-1.27998773744954
"ld0013",8,"ld0013_8",1.035,-5.31327426537325,-5.43924380668761,-5.15826468383325,-5.30939024522232,-4.97258083767913,-4.8193058058135,-1.13323872496821
"ld0013",9,"ld0013_9",1.00233333333333,-5.09892337663679,-5.29594897340655,-5.09206169613345,-5.18948036089046,-4.62524024904203,-4.69064038756253,-1.40660044346537
"ld0013",10,"ld0013_10",0.985333333333333,-5.67950985268857,-5.50206915927478,-5.46189238292106,-5.02909971718722,-4.69507213666342,-4.64887790270243,-1.55240587435345
"ld0018",1,"ld0018_1",1.28366666666667,-5.59533676311335,-5.12179241096567,-4.88089812795395,-4.83714347999897,-4.76233500376867,-4.97366470673217,0.702075302138116
"ld0018",2,"ld0018_2",1.30733333333333,-5.19457988730152,-5.41289377393659,-4.80261541109925,-4.31914708887524,-4.65748884799065,-4.82140379106454,0.857793548341419
"ld0018",3,"ld0018_3",1.18766666666667,-5.80242494036331,-5.13278292827046,-3.9151155825189,-4.59085681280438,-4.8155564585269,-3.98875465487656,0.0395289936826295
"ld0018",4,"ld0018_4",1.24266666666667,-5.51377527820027,-3.91805013212066,-5.43326644933482,-5.51685703202719,NA,-4.21346328951753,0.425388093927421
"ld0018",5,"ld0018_5",1.31633333333333,-5.35831623418946,-4.94216267791863,-5.36585151677208,-5.01996407215339,-3.79121304442493,NA,0.916271654500563
"ld0018",6,"ld0018_6",1.232,-5.80420321113762,-6.27326899336296,-5.56169584515686,-5.62805052187314,-4.73780951947285,-4.21362105753439,0.351907535379897
"ld0018",7,"ld0018_7",1.19466666666667,-6.10011000785042,-5.97237236819893,-5.48484045743781,-4.77717597375905,-4.7699211339987,-5.168782675104,0.0896193944678547
"ld0018",8,"ld0018_8",1.21,-5.7620024399779,-5.6497688337687,-5.41132213632134,NA,-4.11120799398846,-4.68989193163978,0.198323344111812
"ld0018",9,"ld0018_9",1.15466666666667,-5.26777050890472,-5.69235778565879,-5.34993387105709,-5.00639310491813,-5.02719556152689,-4.77644973080189,-0.200659236167873
"ld0018",10,"ld0018_10",1.141,-5.38554462138307,-5.41206428330162,-5.31657462054887,-4.57434073505195,-4.91346062625778,-4.11232901739541,-0.302147692907921
"ld0020",1,"ld0020_1",1.33966666666667,-4.88736162625307,-5.13528040125398,-5.40932781304828,-4.58240411090677,-4.95023337943016,-4.28785870699119,1.06603917225372
"ld0020",2,"ld0020_2",1.14166666666667,-5.87735545211414,-5.03437818906121,-5.46847812647883,-4.92610932818348,-4.85881779115342,-5.01945245123334,-0.297168900708247
"ld0020",3,"ld0020_3",1.133,-5.88090075201819,-5.02128474877955,-5.80353507742568,-5.1320103608789,-5.0003660537041,-4.57535850310219,-0.362121147038748
"ld0020",4,"ld0020_4",1.142,-5.3510982932278,-5.23233919470502,-5.08472262030926,NA,-4.89624132818788,-4.66405655069916,-0.294680594748818
"ld0020",5,"ld0020_5",1.10433333333333,-6.10703208878458,-5.73923453809906,-5.60581745841446,-5.42866252632218,-4.56711784742635,-4.77875589168521,-0.580559058372261
"ld0020",6,"ld0020_6",1.1835,-5.72281331785436,-5.62505521642241,-5.47899259927746,-5.24453207975439,-4.83415514012418,-4.82205821891928,0.00957292150737625
"ld0020",7,"ld0020_7",1.03966666666667,-6.14081967731947,-5.76599378584872,-5.1951672720721,-5.45648343058441,-5.07618536667952,-5.24659284515222,-1.09489300218328
"ld0020",8,"ld0020_8",1.061,-6.11766516138263,-5.60469905883245,-5.67405689020708,-5.37457894836288,-5.35216697816368,-5.12971836818652,-0.921762236331559
"ld0020",9,"ld0020_9",1.01466666666667,-5.99053697743377,-5.65907807443573,-5.5121709535179,-5.28775890381287,-5.22249085763917,NA,-1.302359645315
"ld0020",10,"ld0020_10",1.01766666666667,-5.58196917144973,-5.68730330510914,-5.682076366013,-5.20421500677384,-5.12009252317032,-4.83811965858303,-1.27719537313186
"ld0027",1,"ld0027_1",1.48566666666667,-5.62774463731937,-5.05756292136491,NA,-4.74836064902908,-4.24093701752732,-4.84420064355049,1.94775355615079
"ld0027",2,"ld0027_2",1.475,-5.14791501722818,-4.58022180123216,-4.95351067249393,-4.96106315003852,-4.89641794127122,-4.56328533250259,1.88633510889461
"ld0027",3,"ld0027_3",1.31316666666667,-5.49755397968686,-5.43881583008833,-5.29925100225024,-4.94802647739123,-4.71285517892896,-4.69055434216536,0.895741740529765
"ld0027",4,"ld0027_4",1.50233333333333,NA,-5.57328751232374,NA,NA,-4.96524991965056,-4.78479207017965,2.04284258340668
"ld0027",5,"ld0027_5",1.43866666666667,-6.06401717558985,-5.23335356085676,-5.00119766891161,-5.00604738466629,-4.85829599668917,-4.67297173167123,1.67374373711707
"ld0027",6,"ld0027_6",1.338,NA,-5.41253342145101,-5.00128014032583,-5.62519331517988,-4.91430785914416,-4.83166434432195,1.05542832561579
"ld0027",7,"ld0027_7",1.26233333333333,-6.2647236655502,-5.54536971896312,-5.40086007816941,-5.34966497820022,-5.00430432702736,-4.87020075188013,0.559229254557604
"ld0027",8,"ld0027_8",1.29,-5.00972860526283,-5.74678121156212,-5.01258143660369,-5.19132586167652,-5.21398761523806,-4.87438725739307,0.744025949715252
"ld0027",9,"ld0027_9",1.24733333333333,-5.77805784543568,-5.3096418471126,-4.99568914631188,NA,-4.94845461298006,-4.85922884766401,0.457337713141944
"ld0027",10,"ld0027_10",1.20833333333333,-5.40407951840644,-5.30680246338105,-5.4788636999838,-5.09881098499998,-5.12801019430124,-4.6991559731876,0.186574628256555
"ld0042",1,"ld0042_1",1.449,-4.48721800908134,-4.54978931214783,-5.04615651880339,-4.27704936844674,-4.75564290448164,-4.16921635216422,1.73474698771763
"ld0042",2,"ld0042_2",1.37,-5.38478612714421,-5.67034963280781,-5.13879354792014,-5.35202430828233,-4.53887208881281,-4.8206765996207,1.25688389500089
"ld0042",3,"ld0042_3",1.32833333333333,-6.02966788995798,-4.94494671577803,-5.65779337265829,-4.42279979705311,-4.27131265043464,-4.2503363458413,0.993623562242512
"ld0042",4,"ld0042_4",1.37933333333333,-5.73903873664111,-4.76335850612542,-4.98126738385984,-5.70353780459036,-4.29294922007719,-4.12948068946578,1.31475593499179
"ld0042",5,"ld0042_5",1.383,-5.41267736747822,-5.18832334219065,-5.39602854644759,-4.89970005114575,-4.75432040564812,-4.21654195935109,1.33738430885574
"ld0042",6,"ld0042_6",1.34733333333333,-6.34481189079744,-5.99279022543132,-4.31532852213339,-5.39665570660521,-4.41767420630737,-4.39048333195325,1.11467965062703
"ld0042",7,"ld0042_7",1.31566666666667,-5.9888898644498,-5.43083829843144,-5.14417102958735,-5.57003947942109,-4.81769061302341,-4.53762266518405,0.911953674669875
"ld0042",8,"ld0042_8",1.33366666666667,-5.98602815112331,-5.86283213491615,-4.69568346931866,-4.35205626665172,-3.90336008709337,-4.6490048390102,1.02777814639809
"ld0042",9,"ld0042_9",1.24133333333333,-5.85362479879078,-5.95403158487567,-5.08271223787748,-5.11115272312059,-5.21910792902459,-4.88685746318522,0.416237591702933
"ld0042",10,"ld0042_10",1.19633333333333,-5.86242703686422,-5.81499373928145,-5.79836692786379,NA,-5.24705749271895,-5.05282619388995,0.101502418842622
"ld0043",1,"ld0043_1",1.128,-5.28779492215531,NA,-5.1586966515363,-5.29739199483654,-4.98650835366334,-4.87696736079384,-0.399819978963176
"ld0043",2,"ld0043_2",1.09033333333333,-6.10976801816738,-5.78873597053639,-5.28829060297236,-4.84849514382628,-4.49762848085451,-4.25122541558372,-0.689307515304535
"ld0043",3,"ld0043_3",1.06566666666667,-6.24401116279151,-5.64299852435675,-5.50002041692742,-5.36779006742041,-5.01349397623727,-4.95830483275235,-0.884354123609005
"ld0043",4,"ld0043_4",1.047,-5.69643771357148,-4.58610508549992,-5.57865474409391,-4.71539328263152,-5.17559879736651,-5.13282496221152,-1.03498182132136
"ld0043",5,"ld0043_5",1.07866666666667,-5.96544325662554,-5.57806195765221,-5.71121381882196,-5.41601275604546,-5.13731444561076,-6.02073518287347,-0.78100325749997
"ld0049",1,"ld0049_1",1.425,-5.77186326221818,-4.98624702049522,-5.07081373421655,-4.73585033299369,-4.60853082662034,-4.98415676500942,1.59238556568571
"ld0049",2,"ld0049_2",1.42233333333333,-4.20257231781988,-5.40911351742923,-5.21826407431513,-5.05954726818421,-4.99997907382779,-4.72983302078377,1.5764198536827
"ld0049",3,"ld0049_3",1.38433333333333,-6.03692645606857,-5.71567814846259,-5.36495601140246,-5.33015009419943,-5.18938475841588,-4.81986949051964,1.34559793705431
"ld0049",4,"ld0049_4",1.40566666666667,-5.91239609848609,-5.27081563007258,-5.61175412872783,-5.91956443906488,-4.64502951901564,-4.89896852472111,1.47595084508776
"ld0049",5,"ld0049_5",1.39633333333333,-5.81701556453259,-5.65507802844616,-5.57928072684634,-5.20782696505506,-4.86212856860037,-5.00441985004977,1.41916658175664
"ld0049",6,"ld0049_6",1.35833333333333,-6.09454499742481,NA,NA,-5.4380629990562,-5.27438172331352,-4.79766766227842,1.18398687888005
"ld0049",7,"ld0049_7",1.34233333333333,-5.96337906267601,-5.58053546042251,-5.21330732422663,-6.3254821188855,-4.69477361034092,-4.72558613472011,1.08298909979503
"ld0049",8,"ld0049_8",1.29533333333333,-6.51598890488731,-5.67905669188426,-5.45820141744807,-5.19831240631006,-4.92861996409134,-4.9718162481389,0.779193372488909
"ld0049",9,"ld0049_9",1.24433333333333,-5.91157557432797,-5.64509516350894,-5.36547242784316,-5.37954759571286,-5.2209104988814,-5.08965723542907,0.436812424820731
"ld0049",10,"ld0049_10",1.24366666666667,-5.13233913733293,-5.63188646136643,-5.65538695977913,-5.4081541077945,-5.00267233279398,-4.95525333221315,0.432244529747049
"ld0051",1,"ld0051_1",1.34666666666667,-4.39453615345672,-4.94247298743279,-4.84299371281226,-4.0831934872043,-4.86630160072721,-4.01620959929076,1.11046104524347
"ld0051",2,"ld0051_2",1.297,-4.96115665269596,-4.66228862415649,-5.11731434530682,-5.07291061819737,-4.60774219075846,-4.66742119215084,0.790153502587803
"ld0051",3,"ld0051_3",1.27,-4.50108696572482,-4.79020722637261,-5.07812986003235,-5.06365718691274,-4.14671650129562,-4.50353279255639,0.610840552452716
"ld0051",4,"ld0051_4",1.29366666666667,-5.70669170235834,-4.92982375896938,-5.00709043454161,-4.85749373754838,NA,-3.90074266833641,0.768219131236252
"ld0051",5,"ld0051_5",1.31366666666667,-5.24891786425327,-4.9674103010909,-5.24891786425327,-5.08633507096067,-4.22309360282901,-4.48173992596175,0.898986595084591
"ld0051",6,"ld0051_6",1.25733333333333,-5.75285024735532,-5.39009937766572,-5.1426254179431,-5.19997868637484,-4.39578338636381,NA,0.525400560847897
"ld0051",7,"ld0051_7",1.176,-5.80911732397674,-5.48974182936103,-5.21655251185207,-4.59360472451732,-5.17648228486321,-4.61649921781282,-0.0446147498896371
"ld0051",8,"ld0051_8",1.17166666666667,-6.11497952902588,-5.91433315011287,-4.61684831061764,-4.6718496640058,-5.26078923885586,-5.07653586239907,-0.0760809210912236
"ld0051",9,"ld0051_9",1.14133333333333,-6.32070166047066,-5.65346804419967,-4.88808656574773,-4.64280923063873,-5.34901147206405,-4.96933525385806,-0.299657933286452
"ld0051",10,"ld0051_10",1.112,-6.00331812398538,-5.71164913585753,-5.86972702962061,-5.63958448024127,-4.79179727831204,-5.14791536137293,-0.521589078515741
"ld0065",1,"ld0065_1",1.11133333333333,-4.52453857482918,-5.62223446974202,-5.15579887911049,-4.57773937446895,-5.29930445355817,-4.98135900748665,-0.526700738041349
"ld0065",2,"ld0065_2",1.12833333333333,-5.44418835118117,-5.45767893282596,-5.34940899706059,-5.18345236198405,-4.9864670628722,-4.26505544847811,-0.397301529542136
"ld0065",3,"ld0065_3",1.09133333333333,-5.70654729324707,-5.4161092772438,-5.24385721195985,-5.15724793148801,-4.52867860688387,-4.85302121875321,-0.681493587786951
"ld0065",4,"ld0065_4",1.07566666666667,-5.81109990382087,-5.26427948416581,-4.82576448939762,-5.1335184382241,-5.10199231792812,-5.05074457390799,-0.80474247384478
"ld0065",5,"ld0065_5",1.10533333333333,-5.34922000041124,-5.7442223546915,-5.76997484264485,-5.2389255042675,-5.34164249128641,-4.90566681527483,-0.572844145789307
"ld0065",6,"ld0065_6",1.14933333333333,-4.98951574021103,-5.64781640470913,-4.88812730529932,-4.46426967463735,-4.94008363814531,-4.64125052328739,-0.240120843704452
"ld0065",7,"ld0065_7",1.06166666666667,-5.682076366013,-5.04171830435289,-4.75378655838516,-5.28837060005766,-4.74797022872005,-4.82093328993121,-0.916408158263873
"ld0065",8,"ld0065_8",1.1,-5.60942775115491,-5.54124483533346,-5.32285865558839,-4.90090822074271,-4.40440092265664,-4.61923685936636,-0.614071273337848
"ld0065",9,"ld0065_9",1.09433333333333,-5.59414478914453,-5.65177178765628,-5.34665314396677,-4.92407216755585,-4.87309891340379,-4.39446770484449,-0.658094693107459
"ld0065",10,"ld0065_10",1.11433333333333,-5.49309821901677,-5.31288354003083,-5.10789305921423,-4.79306122358691,-4.72837542023022,-4.42338510640564,-0.503722372161269
"ld0069",1,"ld0069_1",1.423,-4.02211452800482,-4.92012315194178,-5.37080096640138,-4.12847108402925,-4.41423640442685,-4.45808080713973,1.5804140861848
"ld0069",2,"ld0069_2",1.42366666666667,-5.74099847858247,-5.2956202071548,-5.07900594848613,-4.84402057132301,-4.62609121245954,NA,1.58440644785193
"ld0069",3,"ld0069_3",1.31533333333333,-5.97013563419812,-5.77911019039477,-5.70142166356497,-5.17468515958462,-4.5681084363356,-5.11101656015138,0.909793864192465
"ld0069",4,"ld0069_4",1.355,-5.55127342728474,-5.74111618531908,-5.69906064008391,-5.09100844385977,-4.26881702788502,-4.51628496573985,1.16304413614902
"ld0069",5,"ld0069_5",1.405,-5.57585057999988,-5.29605532688991,-5.27286874711994,-5.28092745142404,-4.17710558115827,-3.95754446264563,1.47190734785657
"ld0069",6,"ld0069_6",1.34966666666667,-5.71577590922508,-5.14323203792679,-5.44658886269431,-4.25821268382329,-4.44028425006162,-4.23962900356253,1.12942834891181
"ld0069",7,"ld0069_7",1.31,-4.49223345248416,-5.60734701912125,-4.53779297898437,-4.8617793926153,-3.95493165466555,-4.94450533684017,0.875162259401721
"ld0069",8,"ld0069_8",1.32266666666667,-5.89653480329662,-5.48717350730635,-5.3833673229268,-4.69573974033478,-4.63598729256259,-4.48476942401331,0.957183732051543
"ld0069",9,"ld0069_9",1.317,-5.16011315855047,-5.82794905434437,-5.4211869417406,-4.78158116471378,-4.83648238504587,-4.00157639240742,0.920587448012256
"ld0069",10,"ld0069_10",1.446,-4.53880414827666,-5.45986077202413,-4.57277298861948,-4.56731675329071,-4.41502456715018,-3.88938748280704,1.71708129848537
"ld0075",1,"ld0075_1",1.01933333333333,-5.64710379253578,-5.66756646340959,-5.40225422941391,-5.03645338104536,-5.25186058927628,-4.92649494707176,-1.26324725677522
"ld0075",2,"ld0075_2",1.00833333333333,-5.74570882875708,NA,-5.00156014808584,-5.51975786887377,-5.39526338360484,-4.84982699689597,-1.35572945159732
"ld0075",3,"ld0075_3",1.00166666666667,-4.91137895608061,-5.08315437535977,-5.60948344225279,-4.98533501251555,-5.18156686377031,-4.96812236201706,-1.41227156277204
"ld0075",4,"ld0075_4",0.959666666666667,-5.70056216542244,-4.95161760977139,-4.74195945114958,-4.90212471510167,-5.21065911549322,-5.31065536761842,-1.77738012826653
"ld0075",5,"ld0075_5",1.02033333333333,-5.67730686718049,-5.29255818253116,-5.30579364439582,-5.7451474290525,-5.66607059152235,-4.67900167329035,-1.25488932964355
"ld0075",6,"ld0075_6",1.05366666666667,-6.05796595344485,-5.3199271858324,-4.98446270404227,-4.88214168858881,-4.88718395367585,-4.70220335929358,-0.980880135382181
"ld0075",7,"ld0075_7",1.005,-6.21343278936854,-5.86555391888483,-5.51270164256888,-5.69665721968361,-5.35432089458422,-4.94817302061992,-1.38395362309277
"ld0075",8,"ld0075_8",0.998666666666667,-6.38057590965766,-6.08146803235592,-5.40971741686771,-5.7526668832665,-4.82112886045796,-5.18656706909717,-1.43783839681546
"ld0075",9,"ld0075_9",0.999333333333333,-6.10652933056164,-5.05326266733237,-5.04320208179343,-5.54065979245378,-4.72744596140259,-4.79370230848236,-1.43215024711922
"ld0075",10,"ld0075_10",1.018,-5.79579480833776,-5.71682303435195,-5.32532418985958,-5.12164892521033,-4.42826166996715,-4.69311938441299,-1.27440392329407
"ld0076",1,"ld0076_1",1.398,-5.10134400690672,NA,-5.127597853935,-4.72918664663362,-4.77368884261339,-4.63269617379765,1.42933441309894
"ld0076",2,"ld0076_2",1.30266666666667,-5.54251934834928,-5.4961229038321,-5.07440307233246,-5.38150486389318,-5.04277245494941,-4.86722778748148,0.827312880342952
"ld0076",3,"ld0076_3",1.37166666666667,-5.48013425071065,-5.70496857779851,-4.69845820174498,-5.25477523495735,-4.51453281586443,-4.97943768979359,1.26724704764947
"ld0076",4,"ld0076_4",1.328,-4.59030916008174,-5.28819774309498,-4.90999990930715,-4.65518240656437,-4.25961900230159,-4.41704251733061,0.99148434978217
"ld0076",5,"ld0076_5",1.332,-5.76826723723879,-5.0211402787414,-5.49066525948349,-5.02972408123695,-4.92200098477404,-5.58824382241173,1.01711953302534
"ld0076",6,"ld0076_6",1.31733333333333,-5.31364788066593,-5.70791339517179,-6.41800600935806,-5.39101813383241,-4.83320204061261,-5.08856451176406,0.922744525590134
"ld0076",7,"ld0076_7",1.29466666666667,-5.74702270324898,-5.40281980601412,-5.23353818687105,-5.0268434901075,-4.23706204089498,-5.54688437245258,0.774805371360599
"ld0076",8,"ld0076_8",1.28933333333333,-4.84525849220881,-4.67563277984518,-5.07743877832726,-4.72945033223179,-4.7507969478451,-4.71660578431552,0.73961980229044
"ld0076",9,"ld0076_9",1.23133333333333,-4.7672320434886,-5.49442008888155,-5.19000929919195,-4.97944452326928,-4.81669116680768,-4.57814040426745,0.347293899541415
"ld0076",10,"ld0076_10",1.27533333333333,-5.07957709545874,-5.43309982714613,-5.19674863060943,-4.93526871788844,-5.18574039227642,-4.61009147569383,0.646560634077783
"ld0077",1,"ld0077_1",1.443,-5.21533338865373,-5.48009754991104,-5.15189435409295,NA,-4.93628947523031,-4.88935398454152,1.69937892036024
"ld0077",2,"ld0077_2",1.368,-5.55120646253907,-5.55814798341307,-5.16107476897162,-5.08300632944462,-4.82142775022373,-4.4091367350345,1.24443145742675
"ld0077",3,"ld0077_3",1.31633333333333,-5.47527843645835,-5.50167373186175,-5.38689440490967,-4.88110196433452,-4.87898104345085,-4.76066700478733,0.916271654500563
"ld0077",4,"ld0077_4",1.323,-5.71726019243017,-5.67240590807405,-5.37499540773243,-5.05412365270793,-5.08697291160129,-5.11249295193018,0.959331569281881
"ld0077",5,"ld0077_5",1.361,-6.05203442042314,-5.3458627457838,-5.34248996808794,-5.52670966848541,-4.72982271266212,-4.42832493012861,1.20070410317176
"ld0077",6,"ld0077_6",1.34433333333333,-5.41196658321973,-5.5270741425722,-5.58805461609692,-5.45944667378293,-5.0062341931646,-4.93986769836442,1.09567946244214
"ld0077",7,"ld0077_7",1.27366666666667,-5.50030650855676,-5.67104910503957,-5.25727504430172,-5.25172122653795,-5.05249000918888,-5.49044468304607,0.635414180281287
"ld0077",8,"ld0077_8",1.28466666666667,-5.26509537905713,-5.21056952747986,-5.25257106833711,-5.19417088753456,-4.9089115886229,-5.03171440575205,0.708712830315316
"ld0077",9,"ld0077_9",1.238,-5.23873743140322,-5.29171501014966,-5.17968402583682,-5.1100992288083,-5.07494344177183,-4.77387621618043,0.393318266241426
"ld0077",10,"ld0077_10",1.3,-5.37881639498673,-5.69315000027821,-5.06989608697531,-5.11203101329073,-4.54416662421377,-4.4109948305577,0.809846292256524
"ld0088",1,"ld0088_1",1.33433333333333,-5.50566360506121,-4.17321349903426,NA,-4.6678970158964,-3.99966896554124,-4.83833705331882,1.03203786263042
"ld0088",2,"ld0088_2",1.277,-5.42305440029947,-4.78284204938003,-5.00433905706208,-4.41957216932249,-4.30341325569641,-4.7937564048645,0.65769253066262
"ld0088",3,"ld0088_3",1.26133333333333,-4.61470156561358,-4.67181267892287,-4.19373645891049,-4.43143707117243,NA,-4.65713686494288,0.552474247993396
"ld0088",4,"ld0088_4",1.24866666666667,-5.67491109310015,-4.16159607218805,-5.23846047465493,-5.72304358459937,NA,-3.52538542817725,0.466444222558888
"ld0088",5,"ld0088_5",1.24333333333333,-5.06547587266355,-4.13057411814982,-5.55491326010277,-5.33895375329448,-4.13156903558851,-4.46236479265523,0.429959663896752
"ld0088",6,"ld0088_6",1.227,-6.18010667670453,-6.03146229807697,-4.77201020265635,-5.80345387075416,-4.37708199955595,-5.00505240745025,0.317244242372213
"ld0088",7,"ld0088_7",1.183,-5.38964152111674,-6.03198533699491,-4.83981019404233,-5.36563820808504,-4.91268129408475,-5.10022761704517,0.00597110780345633
"ld0088",8,"ld0088_8",1.20366666666667,-6.129809793471,-5.54738044530492,-5.56678862077501,-4.53458172147034,-5.29203315364102,-5.03863253471004,0.153591809862737
"ld0088",9,"ld0088_9",1.11733333333333,-5.2949402753451,-4.38733518010117,-4.36639362935849,-5.2843852704836,-5.19131418081176,-4.84080252355892,-0.48080578538273
"ld0088",10,"ld0088_10",1.12933333333333,-5.23400262044623,-4.98330197611752,-5.58696203548052,-5.42880721792368,-5.36136175113043,-4.54550809784684,-0.389750642879578
"ld0089",1,"ld0089_1",1.246,-5.50422801103999,-4.54682467702445,NA,-4.89152434051328,-4.46991307077972,-5.02122774656539,0.448221464140883
"ld0089",2,"ld0089_2",1.281,-5.25754689335498,-5.84843698615242,-4.86244035740743,-4.95243525626831,-4.28036214089773,-4.70051271631569,0.684349915966617
"ld0089",3,"ld0089_3",1.16333333333333,-5.56918375183126,-5.30949318400326,-5.49171645324538,-5.2885506169013,-4.710215751248,-4.96252050079554,-0.136921236524778
"ld0089",4,"ld0089_4",1.21433333333333,-5.88862965816192,-5.15486173251958,-5.37367085249367,-5.91218767107019,-4.29833282807359,-4.47564164409174,0.228794432810582
"ld0089",5,"ld0089_5",1.296,-5.86910285396447,-5.22453637641854,-5.100707277239,-4.71131834508892,-4.3746789749615,-4.82542204727083,0.783579115834185
"ld0089",6,"ld0089_6",1.17333333333333,-5.59068935280638,-5.33335445925819,-4.78967853206379,-5.13859833310352,-4.62152916744466,-4.57833917846792,-0.0639647968002306
"ld0089",7,"ld0089_7",1.20933333333333,-5.8319705681634,-4.63888934050604,-5.06648114619297,-4.94000312698888,-4.64738794580235,-4.70934939965794,0.193625800866161
"ld0089",8,"ld0089_8",1.136,-5.85375026497624,-5.72924737038044,-5.22356468797645,-4.82209958520163,-4.89594971728305,-4.29551688347744,-0.339581622216351
"ld0089",9,"ld0089_9",1.08733333333333,-6.07158539116742,-5.75211132524711,-4.94434795927514,-5.02316309026115,-5.26906696137054,-4.66967948088609,-0.712792369601588
"ld0089",10,"ld0089_10",1.03866666666667,-5.68130108550722,-5.74764596483863,-5.54748615550308,-4.91517680710817,-4.97032138062732,-4.85994012051703,-1.10309543297198
"ld0092",1,"ld0092_1",1.473,-4.96922572822986,-5.47920275512544,-4.85342464361529,-4.81322588357466,-4.69749887485703,-4.22341160348059,1.87476971769895
"ld0092",2,"ld0092_2",1.445,-5.02078957474577,-5.27369012194776,-4.45958765095911,-4.21902620111779,-4.0885551930071,-3.99718113710184,1.71118458984238
"ld0092",3,"ld0092_3",1.329,-5.39922757729676,-4.78898125154966,-4.30539201717852,-4.42290054720852,-4.05283616013343,-4.07915881161224,0.997900377185973
"ld0092",4,"ld0092_4",1.35233333333333,-4.93181334663196,-4.32586061531671,-4.34570535157766,-4.13662737321537,-4.17409789176953,-4.07266493289103,1.14625281428739
"ld0092",5,"ld0092_5",1.39966666666667,-5.56758758229844,-4.50945908656278,-5.20717549846059,-4.5935216938669,-4.12739675746172,-4.67494007355958,1.4394901297817
"ld0092",6,"ld0092_6",1.31833333333333,-5.50839095318025,-5.37634291006584,-4.24880863115059,NA,-4.25611022255716,-4.4355316362415,0.929212484926795
"ld0092",7,"ld0092_7",1.28066666666667,-4.1465234907731,-5.33856993988598,-4.57820931856554,-5.27560212229664,-4.51704759329405,-4.86856636269393,0.682131648679278
"ld0092",8,"ld0092_8",1.30833333333333,-5.63316540289692,-4.59590880527787,-5.31980232416864,-4.32185101717421,-4.30149707937604,-3.76234052170939,0.864310963214957
"ld0092",9,"ld0092_9",1.222,-5.17018557556967,-4.70212193242596,-5.05096163022543,-4.9830436681964,-4.31839274759434,-4.05576503535405,0.282439408371723
"ld0092",10,"ld0092_10",1.23733333333333,-5.60076525236702,-4.7603410026447,-4.1444200510675,-4.46987140611294,-3.97154060584394,-3.99892155241968,0.388726996535214
"ld0095",1,"ld0095_1",1.36433333333333,-5.5499933744767,-4.64217489229923,-4.64889148359525,-4.84576869253836,-4.77747994847126,-4.92247813626427,1.22155463216845
"ld0095",2,"ld0095_2",1.342,-5.72405518442384,-5.67003314456564,-5.38723448558375,-5.03443871088841,-5.0943628324272,-4.61311052722448,1.08087220123615
"ld0095",3,"ld0095_3",1.25866666666667,-5.86297705358256,-5.51929800863773,-5.59302512812333,-5.21328491300309,-4.97024617725403,-4.71462641095754,0.534434681464134
"ld0095",4,"ld0095_4",1.27833333333333,-6.14128700720666,-5.56208892078342,-5.75078509243906,-6.12285697181343,-4.81524574665241,-4.30883885147847,0.666587592261414
"ld0095",5,"ld0095_5",1.306,-5.96561942817655,-5.3938597933196,-5.30503185837975,-4.98433894379071,-4.94714189703564,-4.67327677177084,0.849095902685207
"ld0095",6,"ld0095_6",1.245,-6.01405950132283,-6.18355042005691,-5.53841253814396,-5.34663551213577,-4.73231867844482,-4.71396381024736,0.441377873244552
"ld0095",7,"ld0095_7",1.22966666666667,-5.20717093403004,-6.10073447233667,-5.16023648854406,-5.28935009299482,-5.09007695743313,-5.25169106565253,0.335748872714105
"ld0095",8,"ld0095_8",1.237,-5.66466695934371,-5.03263262098468,-4.60206889995084,-4.38951637286964,-4.56603409179951,-4.50588627555597,0.386430433944602
"ld0095",9,"ld0095_9",1.25633333333333,-4.79375519732404,-4.57340963461876,-4.88024447165365,-4.43666767387952,-4.40732770433672,-4.19317557489066,0.51861868116099
"ld0095",10,"ld0095_10",1.17333333333333,-5.49012553932752,-5.49679781790249,-5.16280146935593,-5.03897859735608,-4.60052638514115,-4.81195994255486,-0.0639647968002306
"ld0104",1,"ld0104_1",1.365,-4.61503447854266,-5.31606757350054,-4.72256538436308,-4.82873995311936,-4.44082880815856,-4.49928907586308,1.22571862443665
"ld0104",2,"ld0104_2",1.359,-5.0740186427026,-5.70815984136176,-5.37642594585431,-4.89457373933821,-4.94043651001426,-4.2941979717534,1.18816925973113
"ld0104",3,"ld0104_3",1.30366666666667,-5.14150320835911,-5.63974148351616,-5.52916627804886,-4.30308858614242,-4.50435862113627,-4.5079055537345,0.833853634215637
"ld0104",4,"ld0104_4",1.29566666666667,-5.70213782782952,-4.36907755703484,-4.70690970980132,-4.10980587467717,-4.51026999931037,NA,0.781386526239203
"ld0104",5,"ld0104_5",1.31733333333333,-5.97853094785614,-5.90005797648166,-5.89419301927756,-4.28795533105075,-4.73370004999257,-4.07439347535835,0.922744525590134
"ld0104",6,"ld0104_6",1.31633333333333,-5.61001211613204,-5.46349276250702,-5.37710822477882,-4.34174179559578,-4.47540614342357,-4.30623375705663,0.916271654500563
"ld0104",7,"ld0104_7",1.22866666666667,-6.14715227425415,-5.59851719353304,-4.95535807359146,-4.90619284973695,-4.72727556201336,-4.72436540580732,0.328814343244033
"ld0104",8,"ld0104_8",1.22133333333333,-5.72540864359426,-5.08643199134389,-4.37550141033165,-5.02717421109369,-4.36633070282992,-4.56420608956479,0.277788007435834
"ld0104",9,"ld0104_9",1.21366666666667,-5.53026304315579,-4.97427318208354,-4.90664940280173,-5.20767259832599,-4.45079724514836,-4.64511506528639,0.224113657292902
"ld0104",10,"ld0104_10",1.24133333333333,-5.8413342811819,-5.74056264835012,-4.77428470097159,-4.66615821757986,-4.16544511044285,-4.26588590686707,0.416237591702933
"ld0105",1,"ld0105_1",1.33333333333333,-5.73570729170458,-5.17601265796898,-4.03043431340626,-5.23868033812381,-4.49379447792885,-4.82834073766681,1.0256474897182
"ld0105",2,"ld0105_2",1.32333333333333,-5.3312228627276,-4.72327681149402,-5.13361037261015,-5.31247836181941,NA,-4.72056061122094,0.961478865427131
"ld0105",3,"ld0105_3",1.342,-5.31434411146886,-5.14281748301985,-4.33275460566758,-4.7726307168757,NA,-4.36172507304261,1.08087220123615
"ld0105",4,"ld0105_4",1.272,-5.14919898466194,-5.0463550148815,-5.16628382013528,-4.77798903685044,-4.10364784385677,-4.39091828852336,0.624253131150261
"ld0105",5,"ld0105_5",1.37833333333333,-5.74285506278054,-5.23416579526591,-5.01513666005978,-4.01575839786988,-4.84256302795582,-4.19452810157647,1.30857412014075
"ld0105",6,"ld0105_6",1.29,-5.97300635256841,-5.76427543014103,-4.58648534003953,-5.41409641153572,-4.28635113978706,-4.91527279747866,0.744025949715252
"ld0105",7,"ld0105_7",1.25666666666667,-6.08670356944406,NA,-5.62372041332379,-4.52312726469164,-4.63320614634216,NA,0.520879907332493
"ld0105",8,"ld0105_8",1.258,-5.68832840629921,-5.61052740514516,-4.57836098568241,-4.463878544634,-4.30143286655435,-3.93719261926553,0.529918818045396
"ld0105",9,"ld0105_9",1.177,-5.99160415685297,-5.89327633100797,-5.00425469349201,-5.09802115937969,-4.98844493147499,-4.55298759214455,-0.0373697923744086
"ld0105",10,"ld0105_10",1.173,-5.21485693671543,-5.68964261531455,-5.60870350339669,-4.62905046361187,-5.07693568641773,-3.96164527570186,-0.0663866442390248
"ld0107",1,"ld0107_1",1.222,-5.71228431308123,-5.50886211710576,-5.48614638158631,-5.39268541030194,-5.11482316423833,-4.79044634331861,0.282439408371723
"ld0107",2,"ld0107_2",1.20033333333333,-6.58050183371152,-5.39671859873629,-5.37540944826961,-5.31172971126149,-4.86577523877626,-4.46321751457829,0.12995426835956
"ld0107",3,"ld0107_3",1.14766666666667,-4.75075750295843,-5.50925274182137,-5.77362656547041,-4.94494011402162,-5.17667512056593,-5.00185926632853,-0.252490156575332
"ld0107",4,"ld0107_4",1.21,-5.91680689748318,-6.22590820481264,-5.48243565650073,-5.35398421097797,-5.19186998174652,-5.05315576145522,0.198323344111812
"ld0107",5,"ld0107_5",1.238,NA,-5.73739830853241,-5.73213812297779,-5.35572574103731,-4.61936444959783,-5.4879243577879,0.393318266241426
"ld0107",6,"ld0107_6",1.231,-5.78458437044012,-5.50434867110228,-5.58997881288267,-4.59111630602307,-4.91718757486812,-5.06498208777659,0.344986144822162
"ld0107",7,"ld0107_7",1.228,-6.19094577249246,-5.73658421755024,-5.30335563734578,-5.06898611857528,-5.28533046263417,-4.71100125678407,0.324188187361954
"ld0107",8,"ld0107_8",1.22266666666667,-5.65539381965222,-5.57562992209001,-5.50150658638745,-4.7427829245572,-4.93697859517956,-4.51518360597425,0.287088272410332
"ld0107",9,"ld0107_9",1.17133333333333,-5.72172691744704,-5.07495223978348,-5.43465406178559,-5.07902666794776,-4.69503406385639,-4.57973443495936,-0.0785062140378732
"ld0107",10,"ld0107_10",1.209,-5.74716430526297,-5.69790309214763,-4.44012628192329,-4.78108347963083,-4.65371337065947,-4.28530980829725,0.191276058052247
"ld0111",1,"ld0111_1",1.10633333333333,-5.38717743312991,-5.72734643691205,-5.21495187773891,-5.50227367595525,-5.12816589911593,-4.67430303155667,-0.56513620976729
"ld0111",2,"ld0111_2",1.12833333333333,-5.847430006165,-5.62951060164924,-5.29930445355817,-4.77028400872287,-4.71045337130265,-4.15289134174876,-0.397301529542136
"ld0111",3,"ld0111_3",1.09566666666667,-5.47703215555592,-5.48091152049322,-4.5361687012049,-5.1237983371227,-4.60423522320205,-4.63871693854346,-0.647715767011074
"ld0111",4,"ld0111_4",1.06133333333333,-5.19444954440306,-5.19508393152309,-5.39241290432875,-5.32311387453535,-5.11101722350702,-5.0446394889706,-0.919084776908414
"ld0111",5,"ld0111_5",1.10633333333333,-5.96672159432129,-4.9741256564355,-5.9345085759804,-5.44519409912422,-5.10415222273699,-5.69688988323396,-0.56513620976729
"ld0111",6,"ld0111_6",1.09833333333333,-5.95973024889708,-5.69828312384338,-4.88406127924318,-5.15955070190618,-5.01310669549443,-4.07336550953864,-0.626995751937712
"ld0111",7,"ld0111_7",1.06866666666667,-5.91797285052733,-5.90013646716787,-5.33606887151642,-5.43426630766085,-5.15122116831005,-5.35716883632811,-0.860392456093174
"ld0111",8,"ld0111_8",1.00633333333333,-6.07097279762919,-5.9259315206548,-5.71276065819773,-5.50437472182501,-5.32669359031123,-4.96874631700441,-1.37265273711058
"ld0111",9,"ld0111_9",0.998333333333333,-5.85311020363115,-5.81336555949102,-5.76477082511388,-5.54602388260726,-5.37766754740697,-5.23014165551243,-1.44068389575809
"ld0111",10,"ld0111_10",1.01933333333333,-6.10864306552174,-6.17022238151059,-5.41756159422571,-5.46540436084363,-4.98612406380832,-5.05878469359922,-1.26324725677522
"ld0115",1,"ld0115_1",1.401,-5.64784136810088,-5.70556796770064,-5.38768271194863,-4.88388273845747,-4.93826588951854,-4.67241957821867,1.44760599995305
"ld0115",2,"ld0115_2",1.41,-5.48704572312375,-5.02768369575641,-5.14222753951118,-4.78762547172336,-4.81545513955996,-5.13964441334489,1.50218692500492
"ld0115",3,"ld0115_3",1.20266666666667,NA,-4.40149826235648,-5.14152748676057,NA,NA,-4.95437481661385,0.146507427681684
"ld0115",4,"ld0115_4",1.309,-5.48547644530653,-5.29029939655162,-5.14812617229104,-4.31349845780742,-4.34045046701369,-4.55716575900071,0.868653139571466
"ld0115",5,"ld0115_5",1.303,-5.42299232201828,-5.34178452309342,-5.26731494662992,-5.05543503311296,-4.58601051043913,-5.14268721025744,0.829493689361754
"ld0115",6,"ld0115_6",1.26566666666667,-5.66249582010714,-6.15274424477081,-5.02804506854964,-5.09077358133737,-4.23005521914762,-4.29294878098541,0.581707358311044
"ld0115",7,"ld0115_7",1.184,-5.44431123711228,-5.77218091570908,-5.21562353007025,-5.37150825166235,-4.45159855949414,-5.06923723166838,0.0131732138538255
"ld0115",8,"ld0115_8",1.15033333333333,-5.89894844893494,NA,-5.33751921587924,-5.08274818851097,-4.77472806616921,NA,-0.232707862802226
"ld0115",9,"ld0115_9",1.15433333333333,-5.54353271778435,-5.58762689592304,-4.97340613006878,-5.09620413023025,-4.37110141284475,-4.38303906701058,-0.203120241527395
"ld0115",10,"ld0115_10",1.11733333333333,-5.7687668551743,-5.70466916765227,-5.23002863624364,-4.80735589517086,-4.98908184743799,-4.32490313699905,-0.48080578538273
"ld0118",1,"ld0118_1",1.51433333333333,NA,-3.96410303025958,-5.47155042910987,NA,-4.92227612578554,NA,2.11065573935288
"ld0118",2,"ld0118_2",1.387,-5.61621482741356,-4.81820685929734,-5.24253569998985,-5.01107544094667,-4.81504688249669,-4.80606178362511,1.36200148698776
"ld0118",3,"ld0118_3",1.359,-5.87522296554843,-5.37752898633747,-5.27577555307361,-5.62267725472571,-5.24826000561168,-4.8667447123808,1.18816925973113
"ld0118",4,"ld0118_4",1.36133333333333,-6.21351020133183,-5.33212009552064,-5.34882318160516,-6.19754844532874,-4.86099254545432,-4.81042691457656,1.20279145276061
"ld0118",5,"ld0118_5",1.391,-5.41643963473727,-5.02258288314237,-5.36037257366383,-5.18919806398901,-4.85658487643794,-5.08807086580421,1.38654777321996
"ld0118",6,"ld0118_6",1.31033333333333,-5.70918212657307,-4.90880116885084,-5.88253731973541,-5.74856134981343,-5.02879783906303,-4.74636204520723,0.877330861882187
"ld0118",7,"ld0118_7",1.273,-5.91443202704505,-5.59105593488816,-5.42191608052611,NA,-4.97377920137865,-4.72513347166319,0.63095151420893
"ld0118",8,"ld0118_8",1.304,-5.68381927201764,-5.51834153818983,-5.0626939339175,NA,-4.77831846623264,-4.71131834508892,0.836032770621088
"ld0118",9,"ld0118_9",1.23866666666667,-5.71739186370526,-5.7371256305397,-5.42972598528074,-5.11554324551006,-5.06211434257713,-4.97398596103199,0.397907064200705
"ld0118",10,"ld0118_10",1.23433333333333,-5.88035653996829,-5.81440883054656,-5.45071614851155,NA,-5.06404319110188,-5.03441981662524,0.368035623452847
"ld0119",1,"ld0119_1",1.23966666666667,-5.69601105055064,-5.45914760504035,-5.10455236972097,-5.36561553200366,-4.92387588634821,-4.89576596583218,0.404785632431565
"ld0119",2,"ld0119_2",1.20833333333333,-5.99740898029387,-5.61158996792977,-5.02499931446252,-5.07346695275274,-4.63280092314228,-4.64415938194355,0.186574628256553
"ld0119",3,"ld0119_3",1.20433333333333,-5.05353773248987,-4.99879664822273,-5.19154009496301,-4.5215152104171,-4.48369034749097,-4.5800241152498,0.158311462255466
"ld0119",4,"ld0119_4",1.15933333333333,-5.29188847621975,-5.07796346268456,-5.24157320516546,-4.69978233946948,-5.12422138052809,-5.13020292118911,-0.166279561772016
"ld0119",5,"ld0119_5",1.217,-5.69301910806954,-5.33402060926023,-5.6599026321222,-5.27875790606941,-4.90173842371813,-5.77197277543206,0.247491872725827
"ld0119",6,"ld0119_6",1.23633333333333,-5.09915229487784,-5.39618381081416,-5.57141826292236,-4.56098336285844,-4.36157935246724,-4.79968765145889,0.381835451621195
"ld0119",7,"ld0119_7",1.168,-5.56692805939223,-5.65128689829935,-5.02598890993731,-5.27621581517651,-4.80214721145593,-5.32311346449283,-0.102797173776331
"ld0119",8,"ld0119_8",1.19133333333333,-5.71543985869595,NA,-6.29883082186846,-5.16144219558656,-4.93420022459229,NA,0.0658035309619157
"ld0119",9,"ld0119_9",1.17866666666667,-5.4906196858582,-5.186740929818,-5.17984034953021,-5.31136167481686,-4.79175124158051,-5.02915518345263,-0.0253085309823816
"ld0119",10,"ld0119_10",1.23866666666667,-4.88695395435291,-5.60725549000471,-5.34281046633688,-5.20428199897164,-5.29341022627904,-4.53464658000654,0.397907064200705
"ld0128",1,"ld0128_1",1.52966666666667,-5.51783151213057,NA,-5.19202984069696,NA,-4.98769861249466,-4.9680351055006,2.19652808899551
"ld0128",2,"ld0128_2",1.20266666666667,-5.63158191331158,-5.56537832322732,-5.1457456469083,-5.13987636048928,-4.96607893699562,-4.48450357849068,0.146507427681684
"ld0128",3,"ld0128_3",1.16866666666667,-5.98976399386862,-6.10012160149496,-5.03292921709412,-5.22333736044075,-4.64535394672287,-4.98062567115954,-0.0979334406894445
"ld0128",4,"ld0128_4",1.146,-5.98675405889804,-5.01614685488142,-5.43891411727875,-5.40499741907851,-5.11507456756134,-4.98334590969667,-0.264877445492167
"ld0128",5,"ld0128_5",1.16266666666667,-5.55056485856899,-5.14932269899365,-5.12217905333201,-5.23502787512342,-5.06576303585297,-4.65753974354965,-0.141807273920533
"ld0128",6,"ld0128_6",1.11266666666667,-5.95734180656303,-4.56995894233349,-5.9408246661485,-5.42144681885344,-5.29652716990668,-4.90549706814295,-0.516480482616046
"ld0128",7,"ld0128_7",1.10733333333333,-6.62038625552508,-5.90884031290478,-5.34964918799353,-5.47872667285893,-5.27740927207454,-5.23260022775321,-0.557435237699862
"ld0128",8,"ld0128_8",1.11566666666667,-5.84165929499096,-5.97197294856839,-5.78004157421098,-5.50416658075622,-5.4114549341192,-5.06919078928238,-0.493529615187619
"ld0128",9,"ld0128_9",1.10433333333333,-5.70851153907532,-5.43313919142223,-5.4035218943726,-5.24272638048143,-5.09683897917501,-4.84515373751522,-0.580559058372261
"ld0128",10,"ld0128_10",1.061,-6.02814222451938,-5.84672786884131,-5.98887191089564,-5.46921008206383,-4.86023612811991,-4.99479787078214,-0.921762236331559
"ld0133",1,"ld0133_1",1.12233333333333,-5.12641473204574,-5.35262150476981,-5.43604268425187,-4.36775204316475,-4.80573445378053,-4.29423695397451,-0.442747862340283
"ld0133",2,"ld0133_2",1.06566666666667,-6.0397728274021,-5.67262165535863,-5.1686609218464,-5.50570371718321,-5.13538728158626,-4.68030254418454,-0.884354123609003
"ld0133",3,"ld0133_3",1.11466666666667,-5.84169373060841,-5.78768421884214,-5.39435282930647,-5.26609551143979,-4.05199210425872,-4.96968953123562,-0.501173040004238
"ld0133",4,"ld0133_4",1.10033333333333,-5.75028746183259,-5.57380186611066,-5.66565842030573,-5.42479688220721,-4.52866285887572,-4.76134808590485,-0.611488727642136
"ld0133",5,"ld0133_5",1.20466666666667,-6.17548594781835,-5.36171307427901,-5.59261863092871,-5.15930457428098,-5.03264642133411,-4.75693153919762,0.160670308819156
"ld0133",6,"ld0133_6",1.186,-6.08699311075632,-5.76691654250017,-5.60630664157269,-5.56824885033603,-4.98476566714206,-5.15689749494955,0.0275591953337223
"ld0133",7,"ld0133_7",1.091,-6.23103630548366,-5.33048256448977,-5.85390189095602,-5.80048623504303,-5.13210791541044,-5.13461405870328,-0.684097434455587
"ld0133",8,"ld0133_8",1.13666666666667,-5.84152845045818,-5.64927298278094,-5.51057958488252,-5.2571842524305,-5.30393612223283,-5.05737319060832,-0.334580922745549
"ld0133",9,"ld0133_9",1.102,-5.8927322295024,-5.90810181834716,-5.4286420205449,-5.32529419096502,-5.046241539316,-4.71368255240201,-0.598587723206412
"ld0133",10,"ld0133_10",1.07033333333333,-5.70686050694095,-5.89020302084058,-5.72294878044786,-5.4929876560629,-5.33375948359575,-4.8500334109582,-0.847109467580679
"ld0137",1,"ld0137_1",1.40766666666667,-4.25165423642217,-5.35183587172386,-4.92859854507604,-4.74158137840127,-4.82697151348784,-4.71055659086993,1.48806984049922
"ld0137",2,"ld0137_2",1.38733333333333,-5.65950705806819,-5.10455533559073,-5.12680013348872,-4.49196338310845,-4.49802037207957,-3.72803209278434,1.36404971287854
"ld0137",3,"ld0137_3",1.299,-4.24492499298014,-4.54222524642743,-5.30980975175611,-4.67720543080296,-4.22762983656478,-4.16970811921574,0.803287083003643
"ld0137",4,"ld0137_4",1.31,-4.81961505577207,-4.72446184654698,-5.17352093788432,-5.03676851135943,-5.10973064362537,-4.90083402818153,0.875162259401721
"ld0137",5,"ld0137_5",1.364,-5.91156301863053,-5.76199830618876,-5.66740503053335,-5.0979254008365,-5.23108030225545,-4.57811130205654,1.21947187296359
"ld0137",6,"ld0137_6",1.325,-5.57502837514646,-5.50181859753219,-4.83480538754295,-5.05146978869464,-4.89422172907019,-4.52328692701491,0.972207239409219
"ld0137",7,"ld0137_7",1.28,-6.10617620427988,-5.79756494200768,-5.40259913093396,-5.51494096899779,-5.19454400976075,-4.75387404338861,0.677693381459244
"ld0137",8,"ld0137_8",1.28266666666667,-4.97883129574825,-5.45287793036626,-5.18444757766398,-5.46918777867944,-5.14497243982407,-4.89573066374324,0.695432601188724
"ld0137",9,"ld0137_9",1.27866666666667,-5.36373648863417,-5.48497012948822,-5.08892797146649,-4.73554986477033,-4.833526047822,-4.69550132182992,0.668809908009498
"ld0137",10,"ld0137_10",1.26566666666667,-5.70767694828366,-5.58432164727984,-4.8638506340468,-5.04489620343662,-4.11583904229441,-4.54119438564817,0.581707358311044
"ld0138",1,"ld0138_1",1.09966666666667,NA,NA,-5.35528716288327,-5.54946103798015,-5.09646969127118,-4.99166315862179,-0.616654601741771
"ld0138",2,"ld0138_2",1.11933333333333,-5.64994734347464,-5.70791429889772,-5.51211126242795,-5.39609625109788,-5.256131438608,-4.47958054576168,-0.465562218869593
"ld0138",3,"ld0138_3",1.041,-6.21675339793251,-5.9464139377947,-5.3084808401145,-5.39459547464385,-4.60062652407155,-5.21096439790748,-1.08396869180808
"ld0138",4,"ld0138_4",1.05833333333333,-6.06072759794723,-5.58059460479966,-5.71352134386896,-5.22131280784029,-5.25988350133996,-4.99846154577955,-0.943212243256419
"ld0138",5,"ld0138_5",1.14066666666667,-5.63345645221002,-5.64559941927407,-5.94030766202376,-4.95470354897351,-5.09393935169466,-4.86726495677227,-0.304638179997514
"ld0138",6,"ld0138_6",1.087,-6.01703346354044,-6.0051951823163,-6.35022852871009,-5.33640601672648,-4.77735877514264,-5.24809014020915,-0.715405796573922
"ld0138",7,"ld0138_7",1.04866666666667,NA,-5.86877021386419,-5.58223081585575,-5.33687546727743,-5.33901478549482,-5.04013151179625,-1.02142417252138
"ld0138",8,"ld0138_8",1.05433333333333,-6.06269205639635,-5.88765170848464,-4.74101098609959,-5.54504510123732,-4.70470934533435,-5.09609318745757,-0.975488805661963
"ld0138",9,"ld0138_9",1.02533333333333,-5.83882002954529,-5.39020790001348,-5.50883199941223,-5.39974938663709,-4.71125918915074,-5.15234691085192,-1.21322218456975
"ld0138",10,"ld0138_10",1.081,-5.78343853208858,-5.5244443639148,-5.45347101584773,-5.08047472023808,-5.06601524328359,-4.6837786393629,-0.762585024056437
"ld0140",1,"ld0140_1",1.113,-5.15450069917032,-5.1670214206738,-5.0483430803009,-4.7697572526079,-4.90091964581096,-4.25696879138134,-0.513927332378747
"ld0140",2,"ld0140_2",1.074,-5.38805434552745,-5.10706117606484,-4.9180070711616,-5.64695243139064,-4.08573154101058,-4.83592172982305,-0.817959552014096
"ld0140",3,"ld0140_3",1.03766666666667,-5.80287401480064,-5.48274682340316,-5.19609404674712,-5.20487875521771,-4.83954532611601,-5.10972699986581,-1.11130576464243
"ld0140",4,"ld0140_4",1.20966666666667,-5.38594449671111,-5.12648496241232,-5.24352581819229,-5.02559630396063,-4.84204710984276,-4.65207533291938,0.195974896100402
"ld0140",5,"ld0140_5",1.15466666666667,-5.26169329097279,-4.82804027469661,-5.43545364898715,-5.11398699543994,-4.91031844134924,-4.9562015137012,-0.200659236167873
"ld0140",6,"ld0140_6",1.11133333333333,-6.00140902997825,-5.78009240780915,-5.26423599104163,-5.76399819258523,-4.76077554000767,-4.75232875105651,-0.526700738041349
"ld0140",7,"ld0140_7",1.073,-5.59818295756149,-6.05469618925071,-5.55095358229094,-4.94660795046265,-5.33654190404909,-4.97823223960688,-0.825899647607823
"ld0140",8,"ld0140_8",1.06766666666667,-5.86825413301799,-5.5744522320171,-5.69586222282173,-4.74279221960206,-4.96353097874315,-4.85623827318488,-0.868372196420246
"ld0140",9,"ld0140_9",1.00066666666667,-5.83091052678048,-5.52034054571358,-5.54013825853098,-5.2644658494574,-5.24947825119578,-4.88722598232309,-1.4207853227642
"ld0140",10,"ld0140_10",1.016,-5.64942583211441,-5.62479182789703,-5.50234431013742,-5.09709391479289,-5.04772006200557,-4.80001592394792,-1.29116635151538
"ld0142",1,"ld0142_1",1.04466666666667,-6.12711292181581,-4.89235518200284,-4.70836937233507,-5.20675529303565,-4.6932225773725,-5.20396946776944,-1.05399883128928
"ld0142",2,"ld0142_2",0.999333333333333,-5.79187789355245,-5.11938705352657,-5.31386114761785,-4.96333838713777,-6.51074985329576,-5.06550471204026,-1.43215024711922
"ld0142",3,"ld0142_3",0.962666666666667,-5.55992605653383,-5.39906409765321,-5.23332732236234,-5.370361746297,-4.96672975459113,-5.17800029981764,-1.75077590065791
"ld0142",4,"ld0142_4",0.989666666666667,-5.93493753255862,-5.63017789346817,-5.51129204653435,-5.92642690055423,-4.76012415503243,-5.13922895455255,-1.5150022713636
"ld0142",5,"ld0142_5",1.06433333333333,-5.74680470041095,-5.5328553384112,-5.300730876722,-4.74254438130151,-5.0647204821946,-4.74459100155362,-0.89502541389611
"ld0142",6,"ld0142_6",0.986666666666667,-5.82954945988626,-5.92778952367727,-5.70101620431248,-5.61131478544868,-5.37239521607853,-5.38282286768695,-1.54087958185531
"ld0142",7,"ld0142_7",0.976333333333333,NA,-5.84953486901402,-5.91570682225918,-5.87235474754776,-5.78936879479458,-5.17179168168776,-1.63061872018628
"ld0142",8,"ld0142_8",1.00833333333333,-6.19085983402727,-5.93999872760375,-5.49263660859561,-4.72216534460112,-5.26667859302496,-4.90248099967519,-1.35572945159732
"ld0142",9,"ld0142_9",1.00033333333333,-5.85204770775228,-5.22257336199688,-5.42424255978862,-5.52565821419927,-5.21148758937999,-4.97756431725237,-1.42362513355292
"ld0142",10,"ld0142_10",0.959,-5.76773428794049,-5.62609503074779,-5.80878205545885,-5.80536546747924,-5.3566028388092,-4.91205723236641,-1.78330347249621
"ld0143",1,"ld0143_1",1.325,-5.4342610378071,-4.92654693496397,-5.12743970875841,-4.66807761141914,-4.49573639738165,-4.36871609426737,0.972207239409219
"ld0143",2,"ld0143_2",1.22766666666667,-5.7592293305181,-5.3298680973627,-5.5727831600372,-5.5491453702954,-5.24767729546438,-4.78709562124854,0.321874167528686
"ld0143",3,"ld0143_3",1.19966666666667,-4.2713281911363,-5.75279510857019,-4.76270602233122,-5.27289467906379,-5.26541155045253,-4.83549987082146,0.125218883791381
"ld0143",4,"ld0143_4",1.24566666666667,-5.91183706408981,-5.97827274283755,-5.60101480752677,-5.11377228362154,NA,NA,0.445940877638049
"ld0143",5,"ld0143_5",1.23333333333333,-5.92071721558651,-6.19669205352556,-5.89835168873809,-5.21518080363031,-5.02154857793987,-4.61497307771094,0.361127322112785
"ld0143",6,"ld0143_6",1.24533333333333,-5.70892035096695,-5.67071004660854,-5.42231492239603,-5.07115757115009,-4.63001477262593,-4.11484286424384,0.443659680781534
"ld0143",7,"ld0143_7",1.217,-5.65570313449087,-5.61028612065797,-5.13533885267534,-5.19159527825108,-5.11371291753657,-4.74724690038204,0.247491872725827
"ld0143",8,"ld0143_8",1.178,-6.08819970170681,-5.64419481382743,-5.45823356843474,-5.22754972423228,-4.70896936561008,-4.8488268244153,-0.0301309876900832
"ld0143",9,"ld0143_9",1.18966666666667,-5.75927150621986,-5.63689421631462,-5.51154994421921,-5.27130899836625,-5.19523961441341,-4.62387513795033,0.0538705988666595
"ld0143",10,"ld0143_10",1.27666666666667,-5.72189339170142,-5.58658707829264,-5.32889390050286,-5.10668644335065,-5.02260292132422,-4.51259528911621,0.655467314097706
"ld0146",1,"ld0146_1",1.244,-5.43197356696073,-5.24969064430594,-5.19989548765029,-4.481084034546,-4.52546171878206,-4.41981149595601,0.434528783279008
"ld0146",2,"ld0146_2",1.223,-5.66220828310708,-4.67048543536762,-5.02757353965351,-4.84095479992956,-4.64598718052085,-4.83168905227426,0.289411753957632
"ld0146",3,"ld0146_3",1.156,-4.61931525747698,-5.46283405494381,-5.55265286796407,-5.16239181720529,-4.68421750589111,-4.82720360372866,-0.190822314125712
"ld0146",4,"ld0146_4",1.20066666666667,-6.28137042371367,-5.5952199509023,-4.97434926754172,-5.26238493849853,-4.39744375000065,-4.80793382568639,0.13232097447042
"ld0146",5,"ld0146_5",1.21666666666667,-5.94016135276944,-5.73242210146894,-5.41067855203397,-5.30407209327041,-4.80751344607362,-4.63362264545256,0.245156934482628
"ld0146",6,"ld0146_6",1.20066666666667,-6.03309853787464,-5.48751950031455,-5.35789180250273,-5.32456114156905,-4.82070389077176,-5.0599767577033,0.13232097447042
"ld0146",7,"ld0146_7",1.174,-5.93252529767522,-5.6750501303418,-5.33028183007374,-5.09476169119073,-5.0581062188448,-4.92976495976939,-0.0591231653133396
"ld0146",8,"ld0146_8",1.21633333333333,-5.67853967198474,NA,-5.52605470315544,-4.92619534539635,-5.21529841536136,-4.27717081435332,0.242821356442671
"ld0146",9,"ld0146_9",1.13566666666667,-5.64121592783254,-5.33820771185489,-5.17543747528928,-5.38586918045648,-5.29955473176873,-4.98773071811541,-0.342083072565483
"ld0146",10,"ld0146_10",1.12966666666667,-5.57947410868468,-5.65096329502389,-5.79542846580669,-5.31908411045531,-5.31455651059912,-5.05564087135778,-0.387235166395776
"ld0150",1,"ld0150_1",1.353,-4.62663103136826,-5.48657651600874,-5.38409771974029,-4.9450007956363,-4.75894720230292,-4.74645245347201,1.1504537468532
"ld0150",2,"ld0150_2",1.36433333333333,-4.99784336085769,-4.93977113456142,-4.94472424655413,-4.61158763382809,-4.47785952706863,-4.93621483862767,1.22155463216845
"ld0150",3,"ld0150_3",1.31466666666667,-5.88795462273842,-5.7603074303496,-5.53038713829555,-5.27115463647958,-5.14796164992182,-4.86509481877845,0.905472600726783
"ld0150",4,"ld0150_4",1.33633333333333,-5.73046706241241,-5.22439779785542,-5.27948835031223,-5.73893960734738,-4.49542873067538,-4.39245983168815,1.04480425343956
"ld0150",5,"ld0150_5",1.37266666666667,-5.66720226379351,-5.73699846827707,-5.29625669119864,-5.1335611815737,-4.49176712844677,-4.77387290162405,1.27345889682771
"ld0150",6,"ld0150_6",1.35733333333333,-6.58588267161435,-6.14597655887443,-5.30298423947874,-5.19726063891395,-4.86818071924228,-4.72821413601847,1.17770945721164
"ld0150",7,"ld0150_7",1.278,-6.23849206305647,NA,-5.58701755710621,-5.18771972858675,-4.89750694135448,NA,0.664364696955168
"ld0150",8,"ld0150_8",1.328,-5.84838810376499,-5.9477466537533,-5.60076173413861,-4.50827108736594,-5.08923136115908,-4.88517103471765,0.99148434978217
"ld0150",9,"ld0150_9",1.29033333333333,-5.83187065135344,-5.24883506101133,-5.43345507718225,-5.44116585741696,-5.19784345089601,-4.88512975388453,0.746228169596639
"ld0150",10,"ld0150_10",1.286,-5.89760450916038,-5.72832427611914,-5.12928826428598,-4.97010918334529,-5.06153745446038,-4.78383547508259,0.717554835261213
"ld0153",1,"ld0153_1",0.926666666666667,-4.72657359228466,-5.90662242124321,-5.2243729077619,-4.70853802168537,-4.8938874607436,-4.76925245451082,-2.07564187422488
"ld0153",2,"ld0153_2",0.923666666666667,-6.49171363348878,-5.37815526186372,-5.47589690450649,-4.59350963522672,-4.67914648988738,-4.36007541529492,-2.10328132486457
"ld0153",3,"ld0153_3",0.930333333333333,-6.04963999559945,-5.88572458344965,-5.19555051152187,-5.19260493282064,-5.10982753937548,-5.0750528625489,-2.04198158562798
"ld0153",4,"ld0153_4",0.92,-5.98129721009938,-5.3421497209917,-4.32829252150953,-4.57509258630638,-5.03533052669006,-5.00527811941544,-2.13718504413973
"ld0153",5,"ld0153_5",0.969666666666667,-5.8132828811824,-5.7562495102401,-5.48437686073357,-5.49933916808516,-4.63122949958896,-5.5130915390257,-1.68902040123671
"ld0153",6,"ld0153_6",0.964333333333333,-5.52734318452048,-5.3047236429877,-4.76496623764932,-5.48694403887259,-5.17555421892728,-4.79088007670746,-1.73603157592362
"ld0153",7,"ld0153_7",0.969666666666667,-5.90412532386581,-5.87478291777692,-4.83075233326195,-5.54022639318652,-5.40437345739554,-5.01524500249522,-1.68902040123671
"ld0153",8,"ld0153_8",0.987666666666667,-6.06382536949404,-5.70691948994755,-5.64365397588846,-5.04125234908977,-5.31249945868608,-4.72572601227785,-1.53224507967832
"ld0153",9,"ld0153_9",0.911,-6.02048273150969,-6.05711344448514,-5.58074951068801,-5.38172114964598,-5.39471990275644,-4.74674538632228,-2.22097952349944
"ld0153",10,"ld0153_10",0.974333333333333,-5.82370956966602,-5.93421691502588,-5.51478226976491,-4.40768337188306,-5.36701256805738,-4.90534544093496,-1.64809724716561
"ld0154",1,"ld0154_1",1.22833333333333,-4.89849977568699,-5.25915088563453,-5.42208945080631,-4.47290908734544,-5.10627900451573,-4.2760901329279,0.326501579153463
"ld0154",2,"ld0154_2",1.21533333333333,-5.36566880021715,-5.45584454032065,-4.65125496301971,-5.08314760153878,-4.9050662801757,-4.66057782744246,0.235810780033624
"ld0154",3,"ld0154_3",1.11333333333333,-5.98427763494193,-4.89309175378326,-4.7616289273413,-5.21492850963525,-4.4827354971762,-4.90351840676258,-0.511374946672149
"ld0154",4,"ld0154_4",1.16333333333333,-5.07039931133906,-4.56205782436218,-5.57736033045932,-5.39471109317725,-4.43336877235951,-5.10000435733604,-0.136921236524778
"ld0154",5,"ld0154_5",1.27333333333333,-5.30941329935261,-4.55514174118562,-5.56681844278471,-4.94865281811061,-4.41574938854174,-4.35592210223844,0.633183139304409
"ld0154",6,"ld0154_6",1.19933333333333,-6.61534540024013,-5.96004844159626,-5.74296737245086,-5.4109500381288,-5.47576625410016,-5.10836202140093,0.12285020460329
"ld0154",7,"ld0154_7",1.18333333333333,-6.17837935675497,-5.66237434794498,-5.37603310039308,-5.89357261199475,-5.21338080717127,-5.06207975780405,0.00837248604260862
"ld0154",8,"ld0154_8",1.16933333333333,-5.72267145345631,-5.944650047565,-5.79757252044991,-4.97829366847282,-5.31801387547497,-5.02607847858663,-0.0930724813312994
"ld0154",9,"ld0154_9",1.14833333333333,NA,-5.6036622453467,-5.03483219207342,NA,-5.12953370154856,-4.69655909403752,-0.247540277223977
"ld0154",10,"ld0154_10",1.079,-5.24899896097029,-5.14807144322657,-5.71566873721648,-5.47252647838671,-5.34111694018953,-4.66232504689318,-0.778369643388645
"ld0155",1,"ld0155_1",1.062,-5.69314703201107,-4.20128205398672,NA,-4.99122509673181,-4.23102376113735,-5.02959031071588,-0.91373237987006
"ld0155",2,"ld0155_2",1.11033333333333,-6.06452051896196,-4.63778294782064,-4.56353431475536,-4.56207018010707,-4.39664228482524,-4.62682711343664,-0.534373979672974
"ld0155",3,"ld0155_3",1.11666666666667,-5.470554660864,-4.65215100301373,-4.93191288840715,-4.94309487691055,-4.56517986521259,-4.30331024617289,-0.485893038296197
"ld0155",4,"ld0155_4",1.08633333333333,-5.59728852158132,-5.64139517198074,-4.98692032998016,-5.17360532532512,-4.87037086929089,-4.42134484377974,-0.720635055635786
"ld0155",5,"ld0155_5",1.139,-5.38936896698709,-5.5626556380861,-5.2147198769129,-5.03035250704035,-4.77753151098779,-4.75790175656071,-0.317101542363586
"ld0155",6,"ld0155_6",1.102,-6.05331271715436,-5.26285833504065,-5.10859890112701,-5.40074020141852,-4.62558842673535,-4.58248456166174,-0.598587723206412
"ld0155",7,"ld0155_7",0.884,-6.15701111410167,NA,-5.94820775910451,-4.80617841618646,-5.61838489914397,-5.43186087353165,-2.47742191148809
"ld0155",8,"ld0155_8",0.807,-5.70837470281386,-5.69970967975651,-5.49350680049733,-5.21540499568395,-4.89470143377788,-4.6139948086885,-3.25421489631124
"ld0155",9,"ld0155_9",0.764,-6.18019894226613,-5.92067212245521,-5.73521370078976,-4.86891440215111,-4.90450603399817,-4.68117170361417,-3.7209371451694
"ld0155",10,"ld0155_10",0.769666666666667,-6.09200248787373,-5.96004107667426,-5.78195593047006,-5.08027174763772,-5.09454878358913,-4.86252223263209,-3.65794934970556
"ld0170",1,"ld0170_1",1.162,-4.65963798747991,-5.52473351697797,-5.5741385911128,-4.31623484920024,-5.56792222093504,-4.5353032299577,-0.146696113746838
"ld0170",2,"ld0170_2",1.107,-5.67846654417367,-5.63622018596503,-5.13458009952492,-5.45529473770559,-4.54659330642426,-4.55178127893142,-0.560001455393036
"ld0170",3,"ld0170_3",1.03966666666667,-6.63609588683599,-5.36474994695058,-6.21176065623624,-5.52355786491975,-4.3445979107901,-5.23264779778605,-1.09489300218328
"ld0170",4,"ld0170_4",1.11533333333333,-6.10792915227593,-5.85429448248701,-5.67766424459515,-5.32859700252781,-4.85921028267332,-4.81195723716571,-0.496076661972894
"ld0170",5,"ld0170_5",1.24133333333333,-5.45358243374097,-5.28999886144809,-5.48228347487587,-4.86469715937542,-4.87436657636688,-4.68011412284758,0.416237591702933
"ld0170",6,"ld0170_6",1.13566666666667,-6.45464669564711,-6.05124385130605,-5.72289006754476,-5.63150907000712,-5.20853937018161,-5.25284030369027,-0.342083072565483
"ld0170",7,"ld0170_7",1.101,-5.72612808860385,-6.18555039258227,-6.52377533283809,NA,NA,-5.19950242650628,-0.606325982479156
"ld0170",8,"ld0170_8",1.11233333333333,-6.23860524040832,-5.78745423438057,-5.53337182188358,-5.42956337265888,-5.27274163182971,-4.72647954431844,-0.519034397842191
"ld0170",9,"ld0170_9",1.09966666666667,-6.11460078562137,-5.97177996599467,-5.81132035906183,-5.09441045872906,-5.10124497358192,-4.60295454234028,-0.616654601741769
"ld0170",10,"ld0170_10",1.08266666666667,-5.94679945077267,-5.76587087978088,-5.90671539368429,-5.50402874493321,-5.38577378800981,-4.68092519067863,-0.749453466993795
"ld0171",1,"ld0171_1",1.23866666666667,-4.67113297424605,NA,-4.81779017968588,-4.92596102100763,-4.96055168107828,-5.05245544285675,0.397907064200705
"ld0171",2,"ld0171_2",1.249,-4.97812710770327,-5.5245639773754,-5.13851326887358,-5.12512148905916,-4.79855325637014,-5.0107108469503,0.468719330540765
"ld0171",3,"ld0171_3",1.18366666666667,-5.84745840670544,-5.50644078692383,-4.87726438309822,-5.07469345062738,-4.70638430982201,-4.98864799610834,0.010773187932438
"ld0171",4,"ld0171_4",1.14566666666667,-5.3841722488991,NA,-5.18887963404673,NA,-5.21238245206967,-5.13316892724338,-0.26735706500158
"ld0171",5,"ld0171_5",1.17666666666667,-5.43178361843712,-5.57704471911436,-5.54428210141881,-5.42920494285119,-5.43280738994082,-4.84859667743022,-0.0397840940485299
"ld0171",6,"ld0171_6",1.193,-5.71401222054211,-5.59250830914465,-5.95352157299258,-5.35067101238322,-5.10852048640142,-4.94683689052814,0.0777197806358313
"ld0171",7,"ld0171_7",1.074,-5.42077882899634,-5.91387888627255,-5.52074667299585,-5.63149818583108,-5.02644201467228,-5.93439862643428,-0.817959552014096
"ld0171",8,"ld0171_8",1.50433333333333,-5.77160221310431,-5.60238983059952,NA,-5.50827128476279,NA,-5.32817943276945,2.05418230836545
"ld0171",9,"ld0171_9",1.05166666666667,-5.79238027298336,-5.18211584749669,-5.65875251405668,-5.53692461693659,-5.19257956207259,-5.0819234226716,-0.997074615244502
"ld0171",10,"ld0171_10",1.178,-5.15080018264332,-5.39958338721394,-5.42148120278167,-4.99452284950981,-5.22047874763299,-4.39490293961725,-0.0301309876900832
"ld0175",1,"ld0175_1",1.29166666666667,-5.5740766652528,-6.07920826492098,-5.6313101036548,-5.4762122555091,-5.09814803311046,-5.19795379484545,0.755031363772884
"ld0175",2,"ld0175_2",1.27833333333333,-5.74743785442402,-5.79451483866665,-5.64916986529495,-4.80777633100274,-5.10375256508365,-5.08454155582566,0.666587592261414
"ld0175",3,"ld0175_3",1.24266666666667,-4.60250972814661,-5.552196967788,-5.38663942028111,-5.27025871810095,-4.89768833342255,-4.94628777557352,0.425388093927421
"ld0175",4,"ld0175_4",1.214,-5.70918031682905,-5.41874752775177,-4.96874689239032,-5.30425858066027,-5.30457953304848,-5.30698542586286,0.22645436635704
"ld0175",5,"ld0175_5",1.31333333333333,-5.90618560324774,-5.65546413606467,-5.63992440372237,-4.84954452393271,-5.11190883947309,-4.78225539640461,0.896823495972997
"ld0175",6,"ld0175_6",1.343,-6.00751913508704,-5.84310661288158,-5.28173954118394,-5.12813232690535,-5.14297003156967,-4.95384450615576,1.08722132034051
"ld0175",7,"ld0175_7",1.25666666666667,-5.95960974192294,-5.98445715631935,-4.72374946356095,-5.45424605943745,-4.65766167160435,-5.72732677930457,0.520879907332493
"ld0175",8,"ld0175_8",1.28033333333333,-5.51174353493142,-5.60762083926127,-5.39417319519162,-5.5562614942292,-5.12547105847664,-5.28398161621402,0.679912803943725
"ld0175",9,"ld0175_9",1.31266666666667,-5.43603694596701,-5.37818688921896,-5.23956385888026,-5.49647981030518,-5.08539855013234,-5.30259811589551,0.892495650232142
"ld0175",10,"ld0175_10",1.303,-6.07694749274414,-5.83505550501584,-5.36031682051323,-4.17516200492533,-4.31020514882452,-4.64367060661433,0.829493689361754
