series,id,samp_period,Intercept,inverseK_incb_temp,z.log.mass,inverseK_prior_temp2
ld0002_1,ld0002,1,-0.578393312,1.597300632,0.354044931,0.051851362
ld0002_10,ld0002,10,-0.025933611,1.354136365,0.354044931,0.051851362
ld0002_2,ld0002,2,-0.188702435,1.381110944,0.354044931,0.051851362
ld0002_3,ld0002,3,0.227837707,1.297563959,0.354044931,0.051851362
ld0002_4,ld0002,4,0.34493727,1.133456809,0.354044931,0.051851362
ld0002_5,ld0002,5,0.039595159,1.48205219,0.354044931,0.051851362
ld0002_6,ld0002,6,0.122631448,1.526619551,0.354044931,0.051851362
ld0002_7,ld0002,7,-0.080991079,1.495943682,0.354044931,0.051851362
ld0002_8,ld0002,8,0.314926725,1.205387707,0.354044931,0.051851362
ld0002_9,ld0002,9,0.391952573,1.162533163,0.354044931,0.051851362
ld0006_1,ld0006,1,-0.211410495,1.447240746,0.354044931,0.051851362
ld0006_10,ld0006,10,0.095898691,1.452052688,0.354044931,0.051851362
ld0006_2,ld0006,2,0.161553306,1.335125086,0.354044931,0.051851362
ld0006_3,ld0006,3,-0.033445727,1.467229894,0.354044931,0.051851362
ld0006_4,ld0006,4,-0.025325157,1.371493122,0.354044931,0.051851362
ld0006_5,ld0006,5,0.12098173,1.259806724,0.354044931,0.051851362
ld0006_6,ld0006,6,-0.457741814,1.59837286,0.354044931,0.051851362
ld0006_7,ld0006,7,-0.103593069,1.464757356,0.354044931,0.051851362
ld0006_8,ld0006,8,0.005937047,1.421425792,0.354044931,0.051851362
ld0006_9,ld0006,9,0.180511047,1.306510924,0.354044931,0.051851362
ld0011_1,ld0011,1,0.570055179,1.025905399,0.354044931,0.051851362
ld0011_10,ld0011,10,-0.049866928,1.39793684,0.354044931,0.051851362
ld0011_2,ld0011,2,0.571395827,1.079965835,0.354044931,0.051851362
ld0011_3,ld0011,3,-0.356125788,1.574098463,0.354044931,0.051851362
ld0011_4,ld0011,4,-0.210871791,1.473388497,0.354044931,0.051851362
ld0011_5,ld0011,5,-0.019044944,1.361171075,0.354044931,0.051851362
ld0011_6,ld0011,6,-0.209192468,1.518274597,0.354044931,0.051851362
ld0011_7,ld0011,7,-0.273585679,1.529390863,0.354044931,0.051851362
ld0011_8,ld0011,8,0.061472259,1.373714677,0.354044931,0.051851362
ld0011_9,ld0011,9,-0.043948608,1.419058282,0.354044931,0.051851362
ld0013_1,ld0013,1,-0.114618824,1.43738029,0.354044931,0.051851362
ld0013_10,ld0013,10,0.13213957,1.371213705,0.354044931,0.051851362
ld0013_2,ld0013,2,0.213251676,1.350809565,0.354044931,0.051851362
ld0013_3,ld0013,3,0.159798554,1.273678405,0.354044931,0.051851362
ld0013_4,ld0013,4,-0.001330608,1.368769871,0.354044931,0.051851362
ld0013_5,ld0013,5,-0.068542403,1.443124438,0.354044931,0.051851362
ld0013_6,ld0013,6,-0.072863374,1.368510401,0.354044931,0.051851362
ld0013_7,ld0013,7,-0.20873637,1.350569933,0.354044931,0.051851362
ld0013_8,ld0013,8,0.09548771,1.284694605,0.354044931,0.051851362
ld0013_9,ld0013,9,0.324785565,1.187387674,0.354044931,0.051851362
ld0018_1,ld0018,1,-0.044990814,1.339812153,0.354044931,0.051851362
ld0018_10,ld0018,10,0.178408712,1.340547597,0.354044931,0.051851362
ld0018_2,ld0018,2,0.093704944,1.272909061,0.354044931,0.051851362
ld0018_3,ld0018,3,0.356811512,1.282662833,0.354044931,0.051851362
ld0018_4,ld0018,4,0.176725148,1.229892225,0.354044931,0.051851362
ld0018_5,ld0018,5,0.094873995,1.380047325,0.354044931,0.051851362
ld0018_6,ld0018,6,-0.422946248,1.724294778,0.354044931,0.051851362
ld0018_7,ld0018,7,-0.342911108,1.593132125,0.354044931,0.051851362
ld0018_8,ld0018,8,-0.084842198,1.508325896,0.354044931,0.051851362
ld0018_9,ld0018,9,-0.048586153,1.360240509,0.354044931,0.051851362
ld0020_1,ld0020,1,0.05184979,1.338976249,0.354044931,0.051851362
ld0020_10,ld0020,10,0.080255591,1.340850773,0.354044931,0.051851362
ld0020_2,ld0020,2,0.066133272,1.329544104,0.354044931,0.051851362
ld0020_3,ld0020,3,0.015820818,1.398594195,0.354044931,0.051851362
ld0020_4,ld0020,4,0.228233613,1.225453232,0.354044931,0.051851362
ld0020_5,ld0020,5,-0.116393431,1.533836812,0.354044931,0.051851362
ld0020_6,ld0020,6,-0.099053151,1.453617651,0.354044931,0.051851362
ld0020_7,ld0020,7,-0.08726971,1.420095033,0.354044931,0.051851362
ld0020_8,ld0020,8,-0.181947755,1.463547678,0.354044931,0.051851362
ld0020_9,ld0020,9,-0.010031938,1.402185309,0.354044931,0.051851362
ld0027_1,ld0027,1,0.031327948,1.404575185,0.354044931,0.051851362
ld0027_10,ld0027,10,0.113245597,1.29945068,0.354044931,0.051851362
ld0027_2,ld0027,2,0.164762979,1.207508373,0.354044931,0.051851362
ld0027_3,ld0027,3,0.027265781,1.450546568,0.354044931,0.051851362
ld0027_4,ld0027,4,-0.108128086,1.445135242,0.354044931,0.051851362
ld0027_5,ld0027,5,-0.16052651,1.507123424,0.354044931,0.051851362
ld0027_6,ld0027,6,-0.103144727,1.396522867,0.354044931,0.051851362
ld0027_7,ld0027,7,-0.234377076,1.567593248,0.354044931,0.051851362
ld0027_8,ld0027,8,0.043427532,1.268216516,0.354044931,0.051851362
ld0027_9,ld0027,9,0.07174597,1.348001157,0.354044931,0.051851362
ld0042_1,ld0042,1,0.253750837,1.196162936,0.354044931,0.051851362
ld0042_10,ld0042,10,-0.273409052,1.481588085,0.354044931,0.051851362
ld0042_2,ld0042,2,-0.128705475,1.406588737,0.354044931,0.051851362
ld0042_3,ld0042,3,0.082987316,1.463314018,0.354044931,0.051851362
ld0042_4,ld0042,4,0.054181487,1.389120861,0.354044931,0.051851362
ld0042_5,ld0042,5,0.012625253,1.385461484,0.354044931,0.051851362
ld0042_6,ld0042,6,-0.175709411,1.622605262,0.354044931,0.051851362
ld0042_7,ld0042,7,-0.194707913,1.504977713,0.354044931,0.051851362
ld0042_8,ld0042,8,0.090135336,1.479728617,0.354044931,0.051851362
ld0042_9,ld0042,9,-0.187447432,1.466914406,0.354044931,0.051851362
ld0043_1,ld0043,1,0.116292288,1.259638496,0.354044931,0.051851362
ld0043_2,ld0043,2,0.105432454,1.521933345,0.354044931,0.051851362
ld0043_3,ld0043,3,-0.145234142,1.51622442,0.354044931,0.051851362
ld0043_4,ld0043,4,0.280720941,1.154844674,0.354044931,0.051851362
ld0043_5,ld0043,5,-0.275511924,1.398838094,0.354044931,0.051851362
ld0043_6,ld0043,6,-0.022140006,1.381079047,0.354044931,0.051851362
ld0049_1,ld0049,1,0.172932004,1.299270029,0.354044931,0.051851362
ld0049_10,ld0049,10,0.135696276,1.2493607,0.354044931,0.051851362
ld0049_2,ld0049,2,0.344396801,1.040302114,0.354044931,0.051851362
ld0049_3,ld0049,3,-0.205909458,1.537138832,0.354044931,0.051851362
ld0049_4,ld0049,4,-0.18634583,1.496904877,0.354044931,0.051851362
ld0049_5,ld0049,5,-0.154076375,1.47856786,0.354044931,0.051851362
ld0049_6,ld0049,6,-0.214868462,1.534203882,0.354044931,0.051851362
ld0049_7,ld0049,7,-0.162136414,1.507652875,0.354044931,0.051851362
ld0049_8,ld0049,8,-0.175046146,1.579892259,0.354044931,0.051851362
ld0049_9,ld0049,9,-0.029843161,1.391458586,0.354044931,0.051851362
ld0051_1,ld0051,1,0.201491424,1.255861658,0.354044931,0.051851362
ld0051_10,ld0051,10,-0.345070052,1.572757595,0.354044931,0.051851362
ld0051_2,ld0051,2,0.174346113,1.185831361,0.354044931,0.051851362
ld0051_3,ld0051,3,0.379679318,1.088524865,0.354044931,0.051851362
ld0051_4,ld0051,4,0.103573698,1.421438083,0.354044931,0.051851362
ld0051_5,ld0051,5,0.071145927,1.3395823,0.354044931,0.051851362
ld0051_6,ld0051,6,-0.08997251,1.48851261,0.354044931,0.051851362
ld0051_7,ld0051,7,-0.046409787,1.436404532,0.354044931,0.051851362
ld0051_8,ld0051,8,-0.165639471,1.485274526,0.354044931,0.051851362
ld0051_9,ld0051,9,-0.160783486,1.504656864,0.354044931,0.051851362
ld0065_1,ld0065,1,0.169833499,1.135955315,0.354044931,0.051851362
ld0065_10,ld0065,10,0.137010641,1.356063288,0.354044931,0.051851362
ld0065_2,ld0065,2,-0.031203192,1.434457972,0.354044931,0.051851362
ld0065_3,ld0065,3,-0.009730464,1.415685133,0.354044931,0.051851362
ld0065_4,ld0065,4,-0.004464473,1.338923317,0.354044931,0.051851362
ld0065_5,ld0065,5,-0.246279446,1.449060234,0.354044931,0.051851362
ld0065_6,ld0065,6,0.167662284,1.259673093,0.354044931,0.051851362
ld0065_7,ld0065,7,0.16595084,1.254561641,0.354044931,0.051851362
ld0065_8,ld0065,8,0.050641258,1.426160341,0.354044931,0.051851362
ld0065_9,ld0065,9,-0.008869882,1.45847691,0.354044931,0.051851362
ld0069_1,ld0069,1,0.380975319,1.042294758,0.354044931,0.051851362
ld0069_10,ld0069,10,0.280351126,1.234125949,0.354044931,0.051851362
ld0069_2,ld0069,2,-0.167662189,1.514715153,0.354044931,0.051851362
ld0069_3,ld0069,3,-0.443492573,1.628353381,0.354044931,0.051851362
ld0069_4,ld0069,4,-0.251548929,1.585950844,0.354044931,0.051851362
ld0069_5,ld0069,5,-0.097009585,1.539346944,0.354044931,0.051851362
ld0069_6,ld0069,6,0.029530291,1.456731404,0.354044931,0.051851362
ld0069_7,ld0069,7,0.313438208,1.113664457,0.354044931,0.051851362
ld0069_8,ld0069,8,-0.161591975,1.53824169,0.354044931,0.051851362
ld0069_9,ld0069,9,-0.050822895,1.466673262,0.354044931,0.051851362
ld0075_1,ld0075,1,-0.005683016,1.376644676,0.354044931,0.051851362
ld0075_10,ld0075,10,0.102021601,1.425315177,0.354044931,0.051851362
ld0075_2,ld0075,2,-0.009494123,1.35344801,0.354044931,0.051851362
ld0075_3,ld0075,3,0.290037287,1.090143072,0.354044931,0.051851362
ld0075_4,ld0075,4,0.33496323,1.099233189,0.354044931,0.051851362
ld0075_5,ld0075,5,-0.054955481,1.339351864,0.354044931,0.051851362
ld0075_6,ld0075,6,0.103777892,1.386124811,0.354044931,0.051851362
ld0075_7,ld0075,7,-0.293445118,1.560507758,0.354044931,0.051851362
ld0075_8,ld0075,8,-0.309180216,1.620168583,0.354044931,0.051851362
ld0075_9,ld0075,9,0.130708577,1.347545414,0.354044931,0.051851362
ld0076_1,ld0076,1,0.079795071,1.335693804,0.354044931,0.051851362
ld0076_10,ld0076,10,0.082577567,1.309326402,0.354044931,0.051851362
ld0076_2,ld0076,2,-0.139842327,1.437684412,0.354044931,0.051851362
ld0076_3,ld0076,3,-0.086838377,1.424354387,0.354044931,0.051851362
ld0076_4,ld0076,4,0.412844542,1.173001477,0.354044931,0.051851362
ld0076_5,ld0076,5,-0.215196557,1.412247017,0.354044931,0.051851362
ld0076_6,ld0076,6,-0.388684065,1.562830245,0.354044931,0.051851362
ld0076_7,ld0076,7,-0.089055705,1.421690009,0.354044931,0.051851362
ld0076_8,ld0076,8,0.374744761,1.098909571,0.354044931,0.051851362
ld0076_9,ld0076,9,0.249510652,1.222393907,0.354044931,0.051851362
ld0077_1,ld0077,1,-0.047621131,1.365278394,0.354044931,0.051851362
ld0077_10,ld0077,10,0.151852639,1.372266015,0.354044931,0.051851362
ld0077_2,ld0077,2,-0.002019474,1.447482215,0.354044931,0.051851362
ld0077_3,ld0077,3,0.031164243,1.38152275,0.354044931,0.051851362
ld0077_4,ld0077,4,-0.158547854,1.448166773,0.354044931,0.051851362
ld0077_5,ld0077,5,-0.155103194,1.566760409,0.354044931,0.051851362
ld0077_6,ld0077,6,-0.16282586,1.420879777,0.354044931,0.051851362
ld0077_7,ld0077,7,-0.104001308,1.342448113,0.354044931,0.051851362
ld0077_8,ld0077,8,0.117569403,1.241340797,0.354044931,0.051851362
ld0077_9,ld0077,9,0.206615893,1.221281756,0.354044931,0.051851362
ld0088_1,ld0088,1,0.224122883,1.243192851,0.354044931,0.051851362
ld0088_10,ld0088,10,-0.033386026,1.322896696,0.354044931,0.051851362
ld0088_2,ld0088,2,0.153775817,1.309075345,0.354044931,0.051851362
ld0088_3,ld0088,3,0.507915762,1.014228512,0.354044931,0.051851362
ld0088_4,ld0088,4,0.10936528,1.409807374,0.354044931,0.051851362
ld0088_5,ld0088,5,0.22300865,1.219065744,0.354044931,0.051851362
ld0088_6,ld0088,6,-0.428955438,1.701926989,0.354044931,0.051851362
ld0088_7,ld0088,7,-0.218405983,1.455354399,0.354044931,0.051851362
ld0088_8,ld0088,8,-0.360829645,1.604216209,0.354044931,0.051851362
ld0088_9,ld0088,9,0.326031769,1.070107429,0.354044931,0.051851362
ld0089_1,ld0089,1,0.16817224,1.211413833,0.354044931,0.051851362
ld0089_10,ld0089,10,0.016005569,1.389880092,0.354044931,0.051851362
ld0089_2,ld0089,2,-0.006040427,1.400238723,0.354044931,0.051851362
ld0089_3,ld0089,3,-0.086558182,1.392521882,0.354044931,0.051851362
ld0089_4,ld0089,4,-0.151090758,1.51045607,0.354044931,0.051851362
ld0089_5,ld0089,5,-0.071978418,1.44067136,0.354044931,0.051851362
ld0089_6,ld0089,6,0.112810513,1.328313212,0.354044931,0.051851362
ld0089_7,ld0089,7,0.114322459,1.303099276,0.354044931,0.051851362
ld0089_8,ld0089,8,-0.009466704,1.489064471,0.354044931,0.051851362
ld0089_9,ld0089,9,-0.072397951,1.464794484,0.354044931,0.051851362
ld0092_1,ld0092,1,-0.322823915,1.528143539,0.354044931,0.051851362
ld0092_10,ld0092,10,0.289235322,1.321021053,0.354044931,0.051851362
ld0092_2,ld0092,2,0.025067856,1.421120285,0.354044931,0.051851362
ld0092_3,ld0092,3,0.164794,1.346353552,0.354044931,0.051851362
ld0092_4,ld0092,4,0.365955513,1.16228864,0.354044931,0.051851362
ld0092_5,ld0092,5,-0.174460767,1.451541519,0.354044931,0.051851362
ld0092_6,ld0092,6,-0.06029343,1.449309887,0.354044931,0.051851362
ld0092_7,ld0092,7,0.04747845,1.138600346,0.354044931,0.051851362
ld0092_8,ld0092,8,0.011923281,1.484738331,0.354044931,0.051851362
ld0092_9,ld0092,9,0.111029072,1.332793896,0.354044931,0.051851362
ld0095_1,ld0095,1,0.157409103,1.219481638,0.354044931,0.051851362
ld0095_10,ld0095,10,0.150317942,1.307629885,0.354044931,0.051851362
ld0095_2,ld0095,2,-0.237631154,1.522475349,0.354044931,0.051851362
ld0095_3,ld0095,3,-0.202920194,1.513613208,0.354044931,0.051851362
ld0095_4,ld0095,4,-0.407755026,1.69396246,0.354044931,0.051851362
ld0095_5,ld0095,5,-0.161825324,1.497360737,0.354044931,0.051851362
ld0095_6,ld0095,6,-0.336225163,1.665044823,0.354044931,0.051851362
ld0095_7,ld0095,7,-0.142364188,1.348365463,0.354044931,0.051851362
ld0095_8,ld0095,8,0.372894653,1.230474299,0.354044931,0.051851362
ld0095_9,ld0095,9,0.645817212,1.008796204,0.354044931,0.051851362
ld0104_1,ld0104,1,0.146619097,1.219846397,0.354044931,0.051851362
ld0104_10,ld0104,10,0.025766737,1.500767983,0.354044931,0.051851362
ld0104_2,ld0104,2,-0.206890333,1.460671395,0.354044931,0.051851362
ld0104_3,ld0104,3,-0.034662279,1.407304226,0.354044931,0.051851362
ld0104_4,ld0104,4,0.309892616,1.224466526,0.354044931,0.051851362
ld0104_5,ld0104,5,-0.339891506,1.726222821,0.354044931,0.051851362
ld0104_6,ld0104,6,-0.067500829,1.489256325,0.354044931,0.051851362
ld0104_7,ld0104,7,-0.205567175,1.533721334,0.354044931,0.051851362
ld0104_8,ld0104,8,0.161688209,1.300969922,0.354044931,0.051851362
ld0104_9,ld0104,9,0.089840584,1.297326463,0.354044931,0.051851362
ld0105_1,ld0105,1,-0.005862784,1.343867083,0.354044931,0.051851362
ld0105_10,ld0105,10,0.049846083,1.400125089,0.354044931,0.051851362
ld0105_2,ld0105,2,-0.029113349,1.290182818,0.354044931,0.051851362
ld0105_3,ld0105,3,0.158812783,1.291113815,0.354044931,0.051851362
ld0105_4,ld0105,4,0.201977795,1.274319428,0.354044931,0.051851362
ld0105_5,ld0105,5,-0.027606178,1.449615607,0.354044931,0.051851362
ld0105_6,ld0105,6,-0.235688081,1.523373924,0.354044931,0.051851362
ld0105_7,ld0105,7,-0.204733252,1.581982696,0.354044931,0.051851362
ld0105_8,ld0105,8,0.171795807,1.437319551,0.354044931,0.051851362
ld0105_9,ld0105,9,-0.199297169,1.545465727,0.354044931,0.051851362
ld0107_1,ld0107,1,-0.111668804,1.422197333,0.354044931,0.051851362
ld0107_10,ld0107,10,0.289348711,1.326376944,0.354044931,0.051851362
ld0107_2,ld0107,2,-0.14504102,1.59663313,0.354044931,0.051851362
ld0107_3,ld0107,3,0.197379854,1.139419494,0.354044931,0.051851362
ld0107_4,ld0107,4,-0.319405755,1.558713334,0.354044931,0.051851362
ld0107_5,ld0107,5,-0.252673068,1.474081448,0.354044931,0.051851362
ld0107_6,ld0107,6,-0.025705257,1.387208195,0.354044931,0.051851362
ld0107_7,ld0107,7,-0.196924054,1.531944908,0.354044931,0.051851362
ld0107_8,ld0107,8,0.060371379,1.396372394,0.354044931,0.051851362
ld0107_9,ld0107,9,0.199995372,1.304762181,0.354044931,0.051851362
ld0111_1,ld0111,1,0.025672243,1.348461694,0.354044931,0.051851362
ld0111_10,ld0111,10,-0.147762588,1.513675555,0.354044931,0.051851362
ld0111_2,ld0111,2,0.134654395,1.459791312,0.354044931,0.051851362
ld0111_3,ld0111,3,0.3345494,1.221689631,0.354044931,0.051851362
ld0111_4,ld0111,4,0.203481833,1.159275124,0.354044931,0.051851362
ld0111_5,ld0111,5,-0.191256305,1.357514263,0.354044931,0.051851362
ld0111_6,ld0111,6,0.120762489,1.451172036,0.354044931,0.051851362
ld0111_7,ld0111,7,-0.166563688,1.424888147,0.354044931,0.051851362
ld0111_8,ld0111,8,-0.164109826,1.493200324,0.354044931,0.051851362
ld0111_9,ld0111,9,-0.142491486,1.412567698,0.354044931,0.051851362
ld0115_1,ld0115,1,-0.332820436,1.572241912,0.354044931,0.051851362
ld0115_10,ld0115,10,0.092848518,1.419214212,0.354044931,0.051851362
ld0115_2,ld0115,2,-0.143363888,1.354195159,0.354044931,0.051851362
ld0115_3,ld0115,3,0.221892972,1.143810239,0.354044931,0.051851362
ld0115_4,ld0115,4,0.144688533,1.358472045,0.354044931,0.051851362
ld0115_5,ld0115,5,-0.095985723,1.364782876,0.354044931,0.051851362
ld0115_6,ld0115,6,-0.080230285,1.569846218,0.354044931,0.051851362
ld0115_7,ld0115,7,-0.050904924,1.387323514,0.354044931,0.051851362
ld0115_8,ld0115,8,-0.024595929,1.438583399,0.354044931,0.051851362
ld0115_9,ld0115,9,0.194729372,1.361043755,0.354044931,0.051851362
ld0118_1,ld0118,1,0.319008368,1.115438554,0.354044931,0.051851362
ld0118_10,ld0118,10,-0.10572535,1.463550712,0.354044931,0.051851362
ld0118_2,ld0118,2,0.118968338,1.295368138,0.354044931,0.051851362
ld0118_3,ld0118,3,-0.201560489,1.477948303,0.354044931,0.051851362
ld0118_4,ld0118,4,-0.318111509,1.590528958,0.354044931,0.051851362
ld0118_5,ld0118,5,0.020818911,1.293426933,0.354044931,0.051851362
ld0118_6,ld0118,6,-0.084295834,1.382922567,0.354044931,0.051851362
ld0118_7,ld0118,7,-0.052516668,1.472054963,0.354044931,0.051851362
ld0118_8,ld0118,8,0.098106153,1.375169006,0.354044931,0.051851362
ld0118_9,ld0118,9,-0.018063763,1.412920721,0.354044931,0.051851362
ld0119_1,ld0119,1,-0.11085525,1.444306845,0.354044931,0.051851362
ld0119_10,ld0119,10,0.023221788,1.311087987,0.354044931,0.051851362
ld0119_2,ld0119,2,-0.033841277,1.505398295,0.354044931,0.051851362
ld0119_3,ld0119,3,0.401990611,1.174517176,0.354044931,0.051851362
ld0119_4,ld0119,4,0.202227206,1.187918019,0.354044931,0.051851362
ld0119_5,ld0119,5,-0.24132793,1.399635152,0.354044931,0.051851362
ld0119_6,ld0119,6,0.186023868,1.294721848,0.354044931,0.051851362
ld0119_7,ld0119,7,-0.024765017,1.349829226,0.354044931,0.051851362
ld0119_8,ld0119,8,-0.25450947,1.553413223,0.354044931,0.051851362
ld0119_9,ld0119,9,0.078175103,1.297923224,0.354044931,0.051851362
ld0128_1,ld0128,1,0.051068009,1.321790567,0.354044931,0.051851362
ld0128_10,ld0128,10,-0.108017872,1.495147425,0.354044931,0.051851362
ld0128_2,ld0128,2,0.088330392,1.375922114,0.354044931,0.051851362
ld0128_3,ld0128,3,-0.06306988,1.480612281,0.354044931,0.051851362
ld0128_4,ld0128,4,0.021057654,1.340334774,0.354044931,0.051851362
ld0128_5,ld0128,5,0.205019356,1.247275251,0.354044931,0.051851362
ld0128_6,ld0128,6,0.055576271,1.290342721,0.354044931,0.051851362
ld0128_7,ld0128,7,-0.301679123,1.594995649,0.354044931,0.051851362
ld0128_8,ld0128,8,-0.226970678,1.486500326,0.354044931,0.051851362
ld0128_9,ld0128,9,0.114025855,1.315216747,0.354044931,0.051851362
ld0133_1,ld0133,1,0.294536673,1.251643058,0.354044931,0.051851362
ld0133_10,ld0133,10,-0.081676003,1.407739107,0.354044931,0.051851362
ld0133_2,ld0133,2,0.04961857,1.388611031,0.354044931,0.051851362
ld0133_3,ld0133,3,0.105704848,1.414731137,0.354044931,0.051851362
ld0133_4,ld0133,4,0.071568732,1.393565776,0.354044931,0.051851362
ld0133_5,ld0133,5,-0.144861587,1.497821836,0.354044931,0.051851362
ld0133_6,ld0133,6,-0.284095307,1.530221366,0.354044931,0.051851362
ld0133_7,ld0133,7,-0.197818885,1.460123616,0.354044931,0.051851362
ld0133_8,ld0133,8,-0.101929735,1.391411046,0.354044931,0.051851362
ld0133_9,ld0133,9,-0.029213792,1.441250211,0.354044931,0.051851362
ld0137_1,ld0137,1,0.188563109,1.139326699,0.354044931,0.051851362
ld0137_10,ld0137,10,0.07283252,1.453704971,0.354044931,0.051851362
ld0137_2,ld0137,2,0.116243855,1.4886014,0.354044931,0.051851362
ld0137_3,ld0137,3,0.582253267,1.014605493,0.354044931,0.051851362
ld0137_4,ld0137,4,0.152661742,1.132084001,0.354044931,0.051851362
ld0137_5,ld0137,5,-0.450207013,1.675431695,0.354044931,0.051851362
ld0137_6,ld0137,6,-0.060629646,1.439818426,0.354044931,0.051851362
ld0137_7,ld0137,7,-0.436049867,1.653561868,0.354044931,0.051851362
ld0137_8,ld0137,8,-0.07341193,1.299388578,0.354044931,0.051851362
ld0137_9,ld0137,9,0.043512894,1.361516024,0.354044931,0.051851362
ld0138_1,ld0138,1,-0.061131651,1.39416799,0.354044931,0.051851362
ld0138_10,ld0138,10,0.123006597,1.345831725,0.354044931,0.051851362
ld0138_2,ld0138,2,-0.011126043,1.407197027,0.354044931,0.051851362
ld0138_3,ld0138,3,-0.032305801,1.461613422,0.354044931,0.051851362
ld0138_4,ld0138,4,-0.057235003,1.418442776,0.354044931,0.051851362
ld0138_5,ld0138,5,-0.053905142,1.406884288,0.354044931,0.051851362
ld0138_6,ld0138,6,-0.273057407,1.556462449,0.354044931,0.051851362
ld0138_7,ld0138,7,-0.099229057,1.428328913,0.354044931,0.051851362
ld0138_8,ld0138,8,0.082632091,1.365538439,0.354044931,0.051851362
ld0138_9,ld0138,9,0.156336771,1.286622734,0.354044931,0.051851362
ld0140_1,ld0140,1,0.206910464,1.260772876,0.354044931,0.051851362
ld0140_10,ld0140,10,0.046820456,1.369781656,0.354044931,0.051851362
ld0140_2,ld0140,2,0.281457324,1.219454038,0.354044931,0.051851362
ld0140_3,ld0140,3,0.02750227,1.353628354,0.354044931,0.051851362
ld0140_4,ld0140,4,0.0145768,1.397404648,0.354044931,0.051851362
ld0140_5,ld0140,5,0.097759424,1.221226711,0.354044931,0.051851362
ld0140_6,ld0140,6,-0.226761836,1.551744096,0.354044931,0.051851362
ld0140_7,ld0140,7,-0.164957084,1.458538363,0.354044931,0.051851362
ld0140_8,ld0140,8,-0.04645662,1.450450952,0.354044931,0.051851362
ld0140_9,ld0140,9,-0.022008011,1.390176779,0.354044931,0.051851362
ld0142_1,ld0142,1,0.255213833,1.252250723,0.354044931,0.051851362
ld0142_10,ld0142,10,-0.0331798,1.388364954,0.354044931,0.051851362
ld0142_2,ld0142,2,0.042804972,1.217633563,0.354044931,0.051851362
ld0142_3,ld0142,3,0.249655249,1.215289557,0.354044931,0.051851362
ld0142_4,ld0142,4,-0.03362794,1.415057872,0.354044931,0.051851362
ld0142_5,ld0142,5,0.146902755,1.339115828,0.354044931,0.051851362
ld0142_6,ld0142,6,-0.162299778,1.422092807,0.354044931,0.051851362
ld0142_7,ld0142,7,-0.314143563,1.518165571,0.354044931,0.051851362
ld0142_8,ld0142,8,-0.0273168,1.489198192,0.354044931,0.051851362
ld0142_9,ld0142,9,0.09286447,1.313190922,0.354044931,0.051851362
ld0143_1,ld0143,1,0.263241896,1.277810183,0.354044931,0.051851362
ld0143_10,ld0143,10,-0.070644094,1.453858554,0.354044931,0.051851362
ld0143_2,ld0143,2,-0.150880855,1.418195908,0.354044931,0.051851362
ld0143_3,ld0143,3,0.326416739,1.01298774,0.354044931,0.051851362
ld0143_4,ld0143,4,-0.236957887,1.558155293,0.354044931,0.051851362
ld0143_5,ld0143,5,-0.320850636,1.640590779,0.354044931,0.051851362
ld0143_6,ld0143,6,0.043399393,1.483298914,0.354044931,0.051851362
ld0143_7,ld0143,7,-0.002367148,1.361928538,0.354044931,0.051851362
ld0143_8,ld0143,8,-0.076814918,1.489022498,0.354044931,0.051851362
ld0143_9,ld0143,9,-0.073985999,1.435969172,0.354044931,0.051851362
ld0146_1,ld0146,1,0.218427042,1.301766631,0.354044931,0.051851362
ld0146_10,ld0146,10,-0.15517184,1.410082951,0.354044931,0.051851362
ld0146_2,ld0146,2,0.241435256,1.223446148,0.354044931,0.051851362
ld0146_3,ld0146,3,0.253964835,1.146359013,0.354044931,0.051851362
ld0146_4,ld0146,4,-0.08064639,1.529960818,0.354044931,0.051851362
ld0146_5,ld0146,5,-0.177028068,1.540015326,0.354044931,0.051851362
ld0146_6,ld0146,6,-0.167800049,1.469576753,0.354044931,0.051851362
ld0146_7,ld0146,7,-0.12870238,1.469537009,0.354044931,0.051851362
ld0146_8,ld0146,8,-0.043559757,1.461865635,0.354044931,0.051851362
ld0146_9,ld0146,9,0.000115086,1.315053621,0.354044931,0.051851362
ld0150_1,ld0150,1,0.019069606,1.395647335,0.354044931,0.051851362
ld0150_10,ld0150,10,-0.015567461,1.415321735,0.354044931,0.051851362
ld0150_2,ld0150,2,0.410003173,1.069813945,0.354044931,0.051851362
ld0150_3,ld0150,3,-0.207077033,1.494241398,0.354044931,0.051851362
ld0150_4,ld0150,4,0.026519712,1.423639556,0.354044931,0.051851362
ld0150_5,ld0150,5,-0.043388391,1.426358955,0.354044931,0.051851362
ld0150_6,ld0150,6,-0.38309669,1.733662713,0.354044931,0.051851362
ld0150_7,ld0150,7,-0.180791681,1.539775743,0.354044931,0.051851362
ld0150_8,ld0150,8,-0.130713239,1.48893761,0.354044931,0.051851362
ld0150_9,ld0150,9,-0.074018315,1.377092838,0.354044931,0.051851362
ld0153_1,ld0153,1,0.370241394,1.131709356,0.354044931,0.051851362
ld0153_10,ld0153,10,-0.049489948,1.427201352,0.354044931,0.051851362
ld0153_2,ld0153,2,0.137827848,1.490839357,0.354044931,0.051851362
ld0153_3,ld0153,3,-0.075492785,1.434502409,0.354044931,0.051851362
ld0153_4,ld0153,4,0.353448707,1.18605041,0.354044931,0.051851362
ld0153_5,ld0153,5,-0.146050826,1.409651201,0.354044931,0.051851362
ld0153_6,ld0153,6,0.164660081,1.21894994,0.354044931,0.051851362
ld0153_7,ld0153,7,-0.123945783,1.397426988,0.354044931,0.051851362
ld0153_8,ld0153,8,-0.175549245,1.511686819,0.354044931,0.051851362
ld0153_9,ld0153,9,-0.165636962,1.511805044,0.354044931,0.051851362
ld0154_1,ld0154,1,0.0900356,1.333216505,0.354044931,0.051851362
ld0154_10,ld0154,10,0.136736999,1.238401005,0.354044931,0.051851362
ld0154_2,ld0154,2,0.176308217,1.273604867,0.354044931,0.051851362
ld0154_3,ld0154,3,0.271189356,1.282636577,0.354044931,0.051851362
ld0154_4,ld0154,4,0.286901448,1.109282984,0.354044931,0.051851362
ld0154_5,ld0154,5,0.251640748,1.26017008,0.354044931,0.051851362
ld0154_6,ld0154,6,-0.584674202,1.758314315,0.354044931,0.051851362
ld0154_7,ld0154,7,-0.366362727,1.569333665,0.354044931,0.051851362
ld0154_8,ld0154,8,-0.245310879,1.513317891,0.354044931,0.051851362
ld0154_9,ld0154,9,0.063193828,1.36620485,0.354044931,0.051851362
ld0155_1,ld0155,1,0.261893986,1.173312172,0.354044931,0.051851362
ld0155_10,ld0155,10,0.067786514,1.41355482,0.354044931,0.051851362
ld0155_2,ld0155,2,0.190760669,1.310809725,0.354044931,0.051851362
ld0155_3,ld0155,3,0.183888939,1.282036888,0.354044931,0.051851362
ld0155_4,ld0155,4,-0.103250166,1.457965126,0.354044931,0.051851362
ld0155_5,ld0155,5,-0.161890133,1.422147591,0.354044931,0.051851362
ld0155_6,ld0155,6,-0.191094148,1.511899548,0.354044931,0.051851362
ld0155_7,ld0155,7,-0.263132328,1.425446099,0.354044931,0.051851362
ld0155_8,ld0155,8,0.218620862,1.305932631,0.354044931,0.051851362
ld0155_9,ld0155,9,0.15843464,1.425632107,0.354044931,0.051851362
ld0170_1,ld0170,1,0.108996713,1.297900654,0.354044931,0.051851362
ld0170_10,ld0170,10,-0.091660439,1.449245623,0.354044931,0.051851362
ld0170_2,ld0170,2,0.256815989,1.288128651,0.354044931,0.051851362
ld0170_3,ld0170,3,-0.07546937,1.511017984,0.354044931,0.051851362
ld0170_4,ld0170,4,-0.063124814,1.477106818,0.354044931,0.051851362
ld0170_5,ld0170,5,0.149017163,1.275012418,0.354044931,0.051851362
ld0170_6,ld0170,6,-0.370194645,1.600254975,0.354044931,0.051851362
ld0170_7,ld0170,7,-0.291296933,1.50795208,0.354044931,0.051851362
ld0170_8,ld0170,8,-0.112114006,1.490402038,0.354044931,0.051851362
ld0170_9,ld0170,9,-0.058046403,1.512976688,0.354044931,0.051851362
ld0171_1,ld0171,1,0.344967097,1.074089611,0.354044931,0.051851362
ld0171_10,ld0171,10,0.195408374,1.299061179,0.354044931,0.051851362
ld0171_2,ld0171,2,0.125728821,1.258450408,0.354044931,0.051851362
ld0171_3,ld0171,3,0.090911631,1.389093512,0.354044931,0.051851362
ld0171_4,ld0171,4,0.091604288,1.287266082,0.354044931,0.051851362
ld0171_5,ld0171,5,-0.081031309,1.392660615,0.354044931,0.051851362
ld0171_6,ld0171,6,-0.198741976,1.503461292,0.354044931,0.051851362
ld0171_7,ld0171,7,-0.105650291,1.31894622,0.354044931,0.051851362
ld0171_8,ld0171,8,-0.218907559,1.470853544,0.354044931,0.051851362
ld0171_9,ld0171,9,0.070074467,1.327146819,0.354044931,0.051851362
ld0175_1,ld0175,1,-0.226924208,1.486642499,0.354044931,0.051851362
ld0175_10,ld0175,10,0.139599433,1.504164247,0.354044931,0.051851362
ld0175_2,ld0175,2,-0.073962406,1.440773016,0.354044931,0.051851362
ld0175_3,ld0175,3,0.304027873,1.111575432,0.354044931,0.051851362
ld0175_4,ld0175,4,0.086663332,1.261242475,0.354044931,0.051851362
ld0175_5,ld0175,5,-0.090155926,1.49378385,0.354044931,0.051851362
ld0175_6,ld0175,6,-0.197837895,1.53210587,0.354044931,0.051851362
ld0175_7,ld0175,7,-0.079921077,1.395958731,0.354044931,0.051851362
ld0175_8,ld0175,8,-0.083472101,1.349364475,0.354044931,0.051851362
ld0175_9,ld0175,9,-0.017202945,1.293020375,0.354044931,0.051851362