"id","series","samp_period","t_22","t_24","t_26","t_28","t_30","t_32","zlogmass.22","zlogmass.24","zlogmass.26","zlogmass.28","zlogmass.30","zlogmass.32","prior_temp22","prior_temp24","prior_temp26","prior_temp28","prior_temp30","prior_temp32"
"ld0002","ld0002_1",1,-6.13709582035617,-5.44005629186678,-5.33537458175171,-5.4303785262092,-5.04211558972438,-5.42592576336663,-0.873992280815429,-0.633375452966432,-0.633375452966432,-0.69689040032341,-0.69689040032341,-0.873992280815429,32,30,20,24.5,26,30
"ld0002","ld0002_10",10,-5.06272774983345,-5.52136067288694,-5.32355579306773,-4.92697355839637,-4.50881337227799,-4.62794190467702,-1.11310768245006,-1.12147172255982,-1.12147172255982,-1.10475169630409,-1.11310768245006,-1.10475169630409,32,26,22,22,22,30
"ld0002","ld0002_2",2,-5.51265108861901,-4.69109785948743,-5.35868369672463,-5.16233665096548,-4.91224726482475,-4.69762511590071,-0.406954117386605,-0.570322017023104,-0.391554484344103,-0.391554484344103,-0.406954117386605,-0.570322017023104,32,25.4,22.5,23.6,26,26.4
"ld0002","ld0002_3",3,-5.12322739474835,-4.83108369509568,-5.66306250133993,-4.40178136071734,-4.56763839826677,-3.97060108534079,-1.07140798211042,-1.07140798211042,-1.47152934687492,-1.36760366230832,-1.36760366230832,-1.47152934687492,27,28,32,22,26,26
"ld0002","ld0002_4",4,-4.91982285032272,-4.71995687767001,-4.57705397718234,-4.71725414229176,-4.50517146911682,-4.19802242766349,-0.898425026028292,-0.69689040032341,-0.898425026028292,-0.931109399666069,-0.931109399666069,-0.69689040032341,25.5,26,32,26.5,28,28.5
"ld0002","ld0002_5",5,-6.36341093681177,-4.64940110930934,-4.65946735591676,-4.25138356925333,-4.29233292502385,-4.19057006280471,-0.523330796007559,-0.406954117386605,-0.523330796007559,-0.406954117386605,-0.216395495182046,-0.216395495182046,24,30,22,23.5,23,24
"ld0002","ld0002_6",6,-6.34299275822718,-4.89414829793635,-4.617243981798,-4.4789355878355,-3.7982489282514,-3.86116783200157,-0.69689040032341,-0.69689040032341,-0.752849909396075,-0.752849909396075,-0.406954117386605,-0.406954117386605,32,24.5,28,24.5,22,24.5
"ld0002","ld0002_7",7,-5.87236788574688,-4.99286531947482,-4.88958041675613,-5.3683950405062,-4.19833561602102,-4.20646829697369,-0.752849909396075,-0.657139112569601,-0.617569089867457,-0.657139112569601,-0.617569089867457,-0.752849909396075,25,24,28,30,25,22
"ld0002","ld0002_8",8,-5.39557303759378,-4.81666806217948,-4.73372233848642,-4.02411803600017,-4.4454070853007,-4.49749701657664,-1.18867586051718,-1.01336301022263,-0.931109399666069,-0.931109399666069,-1.01336301022263,-1.18867586051718,23,26,23,24,22,22
"ld0006","ld0006_1",1,-5.9703200753898,-5.81812857335273,-5.49099427540518,-5.69690597208733,-5.35490718912546,-5.18213988577203,-0.57817868658838,-0.586042475927687,-0.841521930705356,-0.57817868658838,-0.841521930705356,-0.586042475927687,27.5,26.5,22,26,26.5,24
"ld0006","ld0006_10",10,-6.26421492096632,-5.77414464034156,-5.63563431984194,-4.87674219189653,-4.75847009449059,-4.75740802978657,-1.0381918996709,-1.44543100858015,-1.35040307998272,-1.44543100858015,-1.35040307998272,-1.0381918996709,26,22.5,22,24,22,22.5
"ld0006","ld0006_2",2,-5.57034002348685,-5.67782324992362,-5.41391925763062,-5.04786811242238,-4.83187406776373,-4.57735494169564,-0.406954117386605,-0.617569089867457,-0.720828873275605,-0.720828873275605,-0.617569089867457,-0.406954117386605,26.5,24.5,22,24.5,24,26
"ld0006","ld0006_4",4,-5.99232291540066,-5.72771785402003,-5.60004156986026,-5.08466673071736,-5.36089663494203,-5.16497441667773,-1.33323652454843,-1.09640374862607,-1.09640374862607,-0.972138747694964,-0.972138747694964,-1.33323652454843,32,30,24.5,25.5,26,25
"ld0006","ld0006_5",5,-5.79851796962349,-5.74073197696258,-4.52853595750866,-5.27179832533336,-4.95785865790433,-5.33130719603769,-0.523330796007559,-0.5389662794125,-0.720828873275605,-0.5389662794125,-0.523330796007559,-0.720828873275605,23.5,25.5,22,22,28,26
"ld0006","ld0006_6",6,-5.88619575565669,-6.04025109128397,-6.39935038281442,-6.72345235306371,-5.09145182609462,-5.02279816280713,-1.02163141574774,-1.00510247562257,-1.00510247562257,-0.801104107557677,-0.801104107557677,-1.02163141574774,32,28,24,23.5,24,24
"ld0006","ld0006_7",7,-6.19429040771552,-6.27067222885574,-5.2406388213332,-5.45392260373112,-5.33229554184889,-5.12127924253663,-1.41941092628976,-1.47152934687492,-1.53273245860948,-1.53273245860948,-1.41941092628976,-1.47152934687492,24.5,22,28,25,24,25.5
"ld0006","ld0006_8",8,-5.97406794923549,-5.76051855416244,-5.72554292523826,-5.4235377911426,-5.2370764640833,-4.65052431011013,-1.33323652454843,-1.06309203423674,-1.33323652454843,-1.41941092628976,-1.41941092628976,-1.06309203423674,23,22.5,24,30,23,26
"ld0006","ld0006_9",9,-5.91082472543481,-5.58997720650427,-5.57257422844785,-5.57560537822649,-4.361327781657,-5.2571842524305,-1.6032115541942,-1.64755345416279,-1.64755345416279,-1.7459106126234,-1.7459106126234,-1.6032115541942,22,32,23,23,28,26
"ld0011","ld0011_1",1,-5.51756277550119,-4.76018930947007,-3.76222580253051,-4.59084311043705,-4.55003382066658,-5.03088167583688,0.0508599079904245,0.181463073041441,0.181463073041441,0.00688502870372367,0.00688502870372367,0.0508599079904245,32,30,21,22.5,26,30.5
"ld0011","ld0011_2",2,-5.56294485016498,-4.6291816681005,-4.10287278435139,-4.96843019250971,-4.34032461788683,-4.62983548895137,-0.186290726247462,-0.111482582421427,0.0581674376366387,0.0581674376366387,-0.186290726247462,-0.111482582421427,32,26.6,23.5,24.6,26,24.6
"ld0011","ld0011_3",3,-6.04619447680988,-6.07056663064048,-5.73705398347126,-5.52386079526576,-5.32129391741495,-5.21062119075331,-0.649210659809684,-0.171277416374417,-0.776943467517424,-0.776943467517424,-0.171277416374417,-0.649210659809684,30,22,24.5,26,24.5,24
"ld0011","ld0011_4",4,-5.98933761064186,-5.37588374286254,-5.57762658933988,-6.02389807341212,-5.27352739284375,-4.88020339368885,-0.476592670766664,-0.720828873275605,-0.360836962208546,-0.476592670766664,-0.720828873275605,-0.360836962208546,24,29,26.5,25.5,22,26
"ld0011","ld0011_7",7,-5.95904305017316,-5.7859041168173,-5.82010687463902,-5.69528646814694,-5.25777598739659,-5.02343987394538,-0.841521930705356,-0.507723433990825,-0.515523606149344,-0.507723433990825,-0.515523606149344,-0.841521930705356,25.5,26,28,30,25,22
"ld0011","ld0011_8",8,-5.75413221433154,-5.61415888746039,-5.45413877459809,-4.91652588037761,-5.0377991126023,-4.87139192093748,-0.760873664884129,-0.801104107557677,-0.376182131445275,-0.376182131445275,-0.801104107557677,-0.760873664884129,25.5,26,23,24,21.5,22
"ld0011","ld0011_9",9,-5.76041251046535,-5.92232549963859,-5.30097188667114,-5.22030650629452,-5.17230534869618,-4.98922528286349,-0.586042475927687,-0.72882306171944,-0.72882306171944,-0.586042475927687,-0.8253322041025,-0.8253322041025,24,28,22.5,23,23,30
"ld0013","ld0013_1",1,-5.32870482402952,-5.79831152961799,-5.51998875203032,-5.22130651183781,-4.96534037403914,-4.76887994188532,-0.531145016204281,-0.760873664884129,-0.833423291814153,-0.531145016204281,-0.833423291814153,-0.760873664884129,27.5,25.5,22,26,24.5,24
"ld0013","ld0013_10",10,-5.67950985268857,-5.50206915927478,-5.46189238292106,-5.02909971718722,-4.69507213666342,-4.64887790270243,-1.42807562091088,-1.75490770097947,-1.5152017638754,-1.75490770097947,-1.5152017638754,-1.42807562091088,26,22,21.5,24,22,22
"ld0013","ld0013_2",2,-5.64556036007986,-5.27157573268507,-5.55922119796721,-4.24999354394326,-4.95137159791916,-4.4251092658421,-0.89027313163634,-1.17182596989856,-1.61206182619242,-1.17182596989856,-1.61206182619242,-0.89027313163634,26,27,32,24,26,26.5
"ld0013","ld0013_3",3,-5.47630281784993,-5.40932848349246,-5.68684158528757,-4.58317907282208,-4.88530600318088,-5.1398493910963,-1.6032115541942,-1.82722221065208,-1.64755345416279,-1.6032115541942,-1.64755345416279,-1.82722221065208,26,25.5,23,32,26,22
"ld0013","ld0013_4",4,-5.80674852599983,-5.40837779841836,-5.52716691615156,-4.94456655371656,-5.18019803189095,-5.05441039474532,-1.63866692912394,-1.299004957704,-1.63866692912394,-1.299004957704,-1.66535385208048,-1.66535385208048,24.5,24.5,24,26,32,24.5
"ld0013","ld0013_6",6,-4.97094238475284,-5.70738425328031,-6.24090125369792,-5.35148631360964,-5.02658466174188,-4.70536970917505,-1.35040307998272,-1.2564045238804,-1.2564045238804,-0.898425026028292,-0.898425026028292,-1.35040307998272,32,28,24,23,24,23.5
"ld0013","ld0013_7",7,-5.81573634545391,-5.73303076611121,-5.06250749285872,-5.37707857902075,-5.052513471181,-6.06403179908852,-1.18867586051718,-1.29046812382114,-1.3848384066868,-1.3848384066868,-1.18867586051718,-1.29046812382114,24,22,28,24,24,24
"ld0013","ld0013_8",8,-5.31327426537325,-5.43924380668761,-5.15826468383325,-5.30939024522232,-4.97258083767913,-4.8193058058135,-1.20555853304483,-1.15500873412717,-1.05478404801854,-1.15500873412717,-1.05478404801854,-1.20555853304483,32,23.5,28,30,23,23
"ld0013","ld0013_9",9,-5.09892337663679,-5.29594897340655,-5.09206169613345,-5.18948036089046,-4.62524024904203,-4.69064038756253,-1.32466596489661,-1.33323652454843,-1.33323652454843,-1.59437029928566,-1.59437029928566,-1.32466596489661,22,32,21.5,22,28,26
"ld0018","ld0018_1",1,-5.59533676311335,-5.12179241096567,-4.88089812795395,-4.83714347999897,-4.76233500376867,-4.97366470673217,0.63736581631691,0.879925764959477,0.879925764959477,0.671462877640307,0.671462877640307,0.63736581631691,32,30,20.5,22.5,26,27.5
"ld0018","ld0018_10",10,-5.38554462138307,-5.41206428330162,-5.31657462054887,-4.57434073505195,-4.91346062625778,-4.11232901739541,-0.104037115690907,-0.360836962208546,-0.414664194252828,-0.104037115690907,-0.360836962208546,-0.414664194252828,26,30,28,23.5,21.5,23
"ld0018","ld0018_2",2,-5.19457988730152,-5.41289377393659,-4.80261541109925,-4.31914708887524,-4.65748884799065,-4.82140379106454,0.779681782178723,1.04446787602762,0.779681782178723,0.839967025394838,1.04446787602762,0.839967025394838,24,23,28,25.6,23.6,26.6
"ld0018","ld0018_3",3,-5.80242494036331,-5.13278292827046,-3.9151155825189,-4.59085681280438,-4.8155564585269,-3.98875465487656,0.281701541729117,0.281701541729117,-0.141328496424409,0.0215680964066713,0.0215680964066713,-0.141328496424409,26,28,32,22,26,26
"ld0018","ld0018_6",6,-5.80420321113762,-6.27326899336296,-5.56169584515686,-5.62805052187314,-4.73780951947285,-4.21362105753439,0.359656006648881,0.492676867026398,0.492676867026398,0.267452456520801,0.267452456520801,0.359656006648881,24,24.5,22,24,28,24.5
"ld0018","ld0018_7",7,-6.10011000785042,-5.97237236819893,-5.48484045743781,-4.77717597375905,-4.7699211339987,-5.168782675104,0.0508599079904245,-0.000465832339038638,0.0508599079904245,0.267452456520801,0.267452456520801,-0.000465832339038638,28,27,26.5,23.5,22,24
"ld0018","ld0018_9",9,-5.26777050890472,-5.69235778565879,-5.34993387105709,-5.00639310491813,-5.02719556152689,-4.77644973080189,0.195853940256796,-0.299726210058496,-0.476592670766664,0.195853940256796,-0.476592670766664,-0.299726210058496,32,24,30,25,25,28
"ld0020","ld0020_10",10,-5.58196917144973,-5.68730330510914,-5.682076366013,-5.20421500677384,-5.12009252317032,-4.83811965858303,-1.2649078963806,-1.18024682542795,-1.18024682542795,-1.41075487475698,-1.2649078963806,-1.41075487475698,32,26,24.5,23.5,24,30
"ld0020","ld0020_2",2,-5.87735545211414,-5.03437818906121,-5.46847812647883,-4.92610932818348,-4.85881779115342,-5.01945245123334,-0.307341560211187,-0.499930266927236,-0.059497971162887,-0.059497971162887,-0.307341560211187,-0.499930266927236,32,26.2,23.5,23,26,27
"ld0020","ld0020_3",3,-5.88090075201819,-5.02128474877955,-5.80353507742568,-5.1320103608789,-5.0003660537041,-4.57535850310219,-0.360836962208546,-0.34551888066328,-0.353174541452785,-0.353174541452785,-0.34551888066328,-0.360836962208546,30,22,25.5,26,25.5,25.5
"ld0020","ld0020_5",5,-6.10703208878458,-5.73923453809906,-5.60581745841446,-5.42866252632218,-4.56711784742635,-4.77875589168521,-0.760873664884129,-0.461069069234886,-0.760873664884129,-0.461069069234886,-0.507723433990825,-0.507723433990825,24.5,30,22,23.5,24.5,24
"ld0020","ld0020_6",6,-5.72281331785436,-5.62505521642241,-5.47899259927746,-5.24453207975439,-4.83415514012418,-4.82205821891928,-0.468827398711954,-0.468827398711954,1.97698979123421,-0.523330796007559,-0.330227791346171,-0.330227791346171,32,25,28,24,22,24
"ld0020","ld0020_7",7,-6.14081967731947,-5.76599378584872,-5.1951672720721,-5.45648343058441,-5.07618536667952,-5.24659284515222,-1.35040307998272,-1.28193967994836,-0.68096802715518,-1.28193967994836,-0.68096802715518,-1.35040307998272,26.5,25.5,28,30,26,22
"ld0020","ld0020_8",8,-6.11766516138263,-5.60469905883245,-5.67405689020708,-5.37457894836288,-5.35216697816368,-5.12971836818652,-1.11310768245006,-1.04648400822549,-0.617569089867457,-0.617569089867457,-1.04648400822549,-1.11310768245006,22,30,23.5,32,23,26
"ld0027","ld0027_10",10,-5.40407951840644,-5.30680246338105,-5.4788636999838,-5.09881098499998,-5.12801019430124,-4.6991559731876,0.338465053646595,0.324308947828485,-0.0520969549854148,0.338465053646595,0.324308947828485,-0.0520969549854148,26,30,28,22.5,23,21.5
"ld0027","ld0027_2",2,-5.14791501722818,-4.58022180123216,-4.95351067249393,-4.96106315003852,-4.89641794127122,-4.56328533250259,1.9652710981068,1.82339833136025,2.01788103929633,2.01788103929633,1.9652710981068,1.82339833136025,32,25.2,24.5,24.8,26,26.2
"ld0027","ld0027_3",3,-5.49755397968686,-5.43881583008833,-5.29925100225024,-4.94802647739123,-4.71285517892896,-4.69055434216536,1.2760582509416,1.50162826125331,1.19954615254406,1.19954615254406,1.50162826125331,-1.47152934687492,30,22,25.5,26,28,24
"ld0027","ld0027_5",5,-6.06401717558985,-5.23335356085676,-5.00119766891161,-5.00604738466629,-4.85829599668917,-4.67297173167123,1.56325984803755,1.7033730300382,1.56325984803755,1.7033730300382,1.88871140079524,1.88871140079524,24,30,22,25,23.5,24
"ld0027","ld0027_7",7,-6.2647236655502,-5.54536971896312,-5.40086007816941,-5.34966497820022,-5.00430432702736,-4.87020075188013,0.457868593550985,0.596271701908755,0.698644390677814,0.596271701908755,0.698644390677814,0.457868593550985,25.5,26,28,30,25,22
"ld0027","ld0027_8",8,-5.00972860526283,-5.74678121156212,-5.01258143660369,-5.19132586167652,-5.21398761523806,-4.87438725739307,0.644195955152066,0.603134249472478,1.06400489953431,1.06400489953431,0.603134249472478,0.644195955152066,22,30,24,32,23,26
"ld0042","ld0042_2",2,-5.38478612714421,-5.67034963280781,-5.13879354792014,-5.35202430828233,-4.53887208881281,-4.8206765996207,1.24426015401227,1.33930700719965,1.24426015401227,1.30141310007424,1.33930700719965,1.30141310007424,24,24.5,28,26.6,24.4,26.8
"ld0042","ld0042_3",3,-6.02966788995798,-4.94494671577803,-5.65779337265829,-4.42279979705311,-4.27131265043464,-4.2503363458413,0.939520977044187,1.2760582509416,0.859969395239437,0.859969395239437,1.2760582509416,0.939520977044187,30,22,25.5,26,25,25.5
"ld0042","ld0042_4",4,-5.73903873664111,-4.76335850612542,-4.98126738385984,-5.70353780459036,-4.29294922007719,-4.12948068946578,1.2760582509416,1.44578307854202,1.33930700719965,1.2760582509416,1.44578307854202,1.33930700719965,24,25.5,25.5,24.5,22,26
"ld0042","ld0042_5",5,-5.41267736747822,-5.18832334219065,-5.39602854644759,-4.89970005114575,-4.75432040564812,-4.21654195935109,1.73955525455837,1.09646917586476,1.09646917586476,1.28240391187672,1.73955525455837,1.28240391187672,24,26,25.5,22,28,24
"ld0042","ld0042_6",6,-6.34481189079744,-5.99279022543132,-4.31532852213339,-5.39665570660521,-4.41767420630737,-4.39048333195325,1.18672829062404,1.23788652835514,1.23788652835514,1.02488676743616,1.02488676743616,1.18672829062404,24,24.5,22,24,28,24
"ld0042","ld0042_7",7,-5.9888898644498,-5.43083829843144,-5.14417102958735,-5.57003947942109,-4.81769061302341,-4.53762266518405,0.859969395239437,0.946117473707008,0.859969395239437,1.02488676743616,1.02488676743616,0.946117473707008,28,25.5,25.5,24.5,22,24
"ld0042","ld0042_8",8,-5.98602815112331,-5.86283213491615,-4.69568346931866,-4.35205626665172,-3.90336008709337,-4.6490048390102,0.926312921309986,1.18031225266664,1.07700518802132,1.07700518802132,1.18031225266664,0.926312921309986,25,26,25,24,22.5,22
"ld0042","ld0042_9",9,-5.85362479879078,-5.95403158487567,-5.08271223787748,-5.11115272312059,-5.21910792902459,-4.88685746318522,0.457868593550985,0.485726373309142,0.485726373309142,0.457868593550985,0.373754614042706,0.373754614042706,24,28,22.5,23,22.5,30
"ld0043","ld0043_2",2,-6.10976801816738,-5.78873597053639,-5.28829060297236,-4.84849514382628,-4.49762848085451,-4.25122541558372,-0.368506154879245,-0.980367947877414,-0.720828873275605,-0.980367947877414,-0.720828873275605,-0.368506154879245,26,25,32,24,25,25
"ld0043","ld0043_3",3,-6.24401116279151,-5.64299852435675,-5.50002041692742,-5.36779006742041,-5.01349397623727,-4.95830483275235,-0.841521930705356,-0.89027313163634,-0.922926757907411,-0.841521930705356,-0.922926757907411,-0.89027313163634,22.5,24.5,25.5,22,32,26
"ld0043","ld0043_4",4,-5.69643771357148,-4.58610508549992,-5.57865474409391,-4.71539328263152,-5.17559879736651,-5.13282496221152,-1.12984383217408,-0.673017782950825,-1.12984383217408,-0.673017782950825,-1.32466596489661,-1.32466596489661,25.5,24,24,26,32,24.5
"ld0043","ld0043_5",5,-5.96544325662554,-5.57806195765221,-5.71121381882196,-5.41601275604546,-5.13731444561076,-6.02073518287347,-0.68892556181833,-0.817248653502053,-0.833423291814153,-0.817248653502053,-0.68892556181833,-0.833423291814153,24.5,25,23.5,22,28,26
"ld0049","ld0049_1",1,-5.77186326221818,-4.98624702049522,-5.07081373421655,-4.73585033299369,-4.60853082662034,-4.98415676500942,1.38330843186102,1.90053386984743,1.90053386984743,1.6183564835538,1.6183564835538,1.38330843186102,32,30,21,22.5,26,28.5
"ld0049","ld0049_10",10,-5.13233913733293,-5.63188646136643,-5.65538695977913,-5.4081541077945,-5.00267233279398,-4.95525333221315,0.568767111712586,0.331389887382602,0.331389887382602,0.464841427145989,0.568767111712586,0.464841427145989,32,26,22,22.5,22.5,30
"ld0049","ld0049_2",2,-4.20257231781988,-5.40911351742923,-5.21826407431513,-5.05954726818421,-4.99997907382779,-4.72983302078377,1.6183564835538,1.73955525455837,1.6183564835538,1.50162826125331,1.73955525455837,1.50162826125331,24,23.5,28,25.6,24,25.4
"ld0049","ld0049_3",3,-6.03692645606857,-5.71567814846259,-5.36495601140246,-5.33015009419943,-5.18938475841588,-4.81986949051964,1.50781115495418,1.50781115495418,1.23788652835514,1.40835229034624,1.40835229034624,1.23788652835514,24,28,32,22,24.5,24.5
"ld0049","ld0049_4",4,-5.91239609848609,-5.27081563007258,-5.61175412872783,-5.91956443906488,-4.64502951901564,-4.89896852472111,1.37075934660524,1.88871140079524,1.28240391187672,1.37075934660524,1.88871140079524,1.28240391187672,24,27,25.5,24.5,22,26
"ld0049","ld0049_5",5,-5.81701556453259,-5.65507802844616,-5.57928072684634,-5.20782696505506,-4.86212856860037,-5.00441985004977,1.53249877030267,1.3077402537939,1.3077402537939,1.53865971549726,1.53249877030267,1.53865971549726,25,26,25.5,22,28,25.5
"ld0049","ld0049_7",7,-5.96337906267601,-5.58053546042251,-5.21330732422663,-6.3254821188855,-4.69477361034092,-4.72558613472011,1.08349803601751,0.899836345645672,1.3644779920479,0.899836345645672,1.3644779920479,1.08349803601751,25,25.5,28,30,24,22
"ld0049","ld0049_8",8,-6.51598890488731,-5.67905669188426,-5.45820141744807,-5.19831240631006,-4.92861996409134,-4.9718162481389,0.651020722269143,0.691856990298872,1.07700518802132,1.07700518802132,0.691856990298872,0.651020722269143,23.5,26,24,24,22.5,22
"ld0049","ld0049_9",9,-5.91157557432797,-5.64509516350894,-5.36547242784316,-5.37954759571286,-5.2209104988814,-5.08965723542907,0.589403722965308,0.401883296507264,0.401883296507264,0.589403722965308,0.387830352639158,0.387830352639158,24,28,21.5,23.5,23.5,30
"ld0051","ld0051_10",10,-6.00331812398538,-5.71164913585753,-5.86972702962061,-5.63958448024127,-4.79179727831204,-5.14791536137293,-0.617569089867457,-0.499930266927236,-0.499930266927236,-0.430104929540413,-0.617569089867457,-0.430104929540413,32,26,22,22.5,22.5,30
"ld0051","ld0051_2",2,-4.96115665269596,-4.66228862415649,-5.11731434530682,-5.07291061819737,-4.60774219075846,-4.66742119215084,1.07700518802132,0.657840126110918,0.718974796561386,0.718974796561386,1.07700518802132,0.657840126110918,32,28,23.5,24.6,26,26.6
"ld0051","ld0051_3",3,-4.50108696572482,-4.79020722637261,-5.07812986003235,-5.06365718691274,-4.14671650129562,-4.50353279255639,0.28881731985812,0.779681782178723,0.83328930983478,0.83328930983478,0.779681782178723,0.28881731985812,30,22,25.5,26,26,25.5
"ld0051","ld0051_5",5,-5.24891786425327,-4.9674103010909,-5.24891786425327,-5.08633507096067,-4.22309360282901,-4.48173992596175,0.859969395239437,0.879925764959477,0.859969395239437,0.879925764959477,1.05098510573093,1.05098510573093,25,30,22,23.5,27,24
"ld0051","ld0051_7",7,-5.80911732397674,-5.48974182936103,-5.21655251185207,-4.59360472451732,-5.17648228486321,-4.61649921781282,-0.111482582421427,-0.0520969549854148,0.0727640616705094,-0.0520969549854148,0.0727640616705094,-0.111482582421427,23.5,25,28,30,25.5,22
"ld0051","ld0051_8",8,-6.11497952902588,-5.91433315011287,-4.61684831061764,-4.6718496640058,-5.26078923885586,-5.07653586239907,-0.0078229255665579,-0.269331464650908,0.0873361741495521,0.0873361741495521,-0.269331464650908,-0.0078229255665579,24,30,23.5,32,25.5,26
"ld0051","ld0051_9",9,-6.32070166047066,-5.65346804419967,-4.88808656574773,-4.64280923063873,-5.34901147206405,-4.96933525385806,-0.26174938383471,-0.239042809320918,-0.368506154879245,-0.26174938383471,-0.368506154879245,-0.239042809320918,32,23.5,30,24,24,28
"ld0065","ld0065_1",1,-4.52453857482918,-5.62223446974202,-5.15579887911049,-4.57773937446895,-5.29930445355817,-4.98135900748665,-0.292117537109773,-0.712842042576433,-0.562472454351212,-0.292117537109773,-0.562472454351212,-0.712842042576433,27,26,22,26,25.5,24
"ld0065","ld0065_10",10,-5.49309821901677,-5.31288354003083,-5.10789305921423,-4.79306122358691,-4.72837542023022,-4.42338510640564,-0.231487135406856,-0.507723433990825,-0.760873664884129,-0.507723433990825,-0.760873664884129,-0.231487135406856,24,32,30,23.5,24,23
"ld0065","ld0065_2",2,-5.44418835118117,-5.45767893282596,-5.34940899706059,-5.18345236198405,-4.9864670628722,-4.26505544847811,-0.178780824487466,-0.523330796007559,-0.468827398711954,-0.523330796007559,-0.468827398711954,-0.178780824487466,26,24.5,32,24,24,24.5
"ld0065","ld0065_3",3,-5.70654729324707,-5.4161092772438,-5.24385721195985,-5.15724793148801,-4.52867860688387,-4.85302121875321,-0.601791465626328,-0.704862556090431,-0.72882306171944,-0.601791465626328,-0.72882306171944,-0.704862556090431,25,25.5,23,32,26,22
"ld0065","ld0065_4",4,-5.81109990382087,-5.26427948416581,-4.82576448939762,-5.1335184382241,-5.10199231792812,-5.05074457390799,-0.914751824714903,-0.68096802715518,-0.68096802715518,-0.817248653502053,-0.817248653502053,-0.914751824714903,32,30,24.5,26,26,25
"ld0065","ld0065_5",5,-5.34922000041124,-5.7442223546915,-5.76997484264485,-5.2389255042675,-5.34164249128641,-4.90566681527483,-0.515523606149344,-0.531145016204281,-0.531145016204281,-0.657139112569601,-0.657139112569601,-0.515523606149344,24,22,25.5,30,24,24
"ld0065","ld0065_6",6,-4.98951574021103,-5.64781640470913,-4.88812730529932,-4.46426967463735,-4.94008363814531,-4.64125052328739,-0.201330055734689,-0.399250884797238,-0.0891653195195151,-0.0891653195195151,-0.201330055734689,-0.399250884797238,24,28,24,23.5,22,24
"ld0065","ld0065_7",7,-5.682076366013,-5.04171830435289,-4.75378655838516,-5.28837060005766,-4.74797022872005,-4.82093328993121,-1.18024682542795,-0.882128888014531,-0.882128888014531,-1.18024682542795,-0.69689040032341,-0.69689040032341,23,23.5,30,22,24,23.5
"ld0065","ld0065_8",8,-5.60942775115491,-5.54124483533346,-5.32285865558839,-4.90090822074271,-4.40440092265664,-4.61923685936636,-0.704862556090431,-0.736824621476851,-0.391554484344103,-0.736824621476851,-0.391554484344103,-0.704862556090431,32,23.5,28,30,23,24
"ld0065","ld0065_9",9,-5.59414478914453,-5.65177178765628,-5.34665314396677,-4.92407216755585,-4.87309891340379,-4.39446770484449,-0.633375452966432,-0.593913397956712,-0.736824621476851,-0.593913397956712,-0.736824621476851,-0.633375452966432,24,32,30,23,23.5,23
"ld0069","ld0069_1",1,-4.02211452800482,-4.92012315194178,-5.37080096640138,-4.12847108402925,-4.41423640442685,-4.45808080713973,1.9064390697637,1.45822421464018,1.50162826125331,1.9064390697637,1.50162826125331,1.45822421464018,27.5,24.5,22,26,24,24
"ld0069","ld0069_10",10,-4.53880414827666,-5.45986077202413,-4.57277298861948,-4.56731675329071,-4.41502456715018,-3.88938748280704,2.40539321350606,1.55711634976887,1.28874493586517,1.55711634976887,1.28874493586517,2.40539321350606,24,32,30,22.5,22,22
"ld0069","ld0069_3",3,-5.97013563419812,-5.77911019039477,-5.70142166356497,-5.17468515958462,-4.5681084363356,-5.11101656015138,0.799823433640101,0.959295442742311,1.06400489953431,0.799823433640101,1.06400489953431,0.959295442742311,22.5,25.5,26.5,22,32,26
"ld0069","ld0069_4",4,-5.55127342728474,-5.74111618531908,-5.69906064008391,-5.09100844385977,-4.26881702788502,-4.51628496573985,1.10294748220676,1.43332408007434,1.10294748220676,1.43332408007434,1.05749744445464,1.05749744445464,24,23.5,24,26,32,24
"ld0069","ld0069_5",5,-5.57585057999988,-5.29605532688991,-5.27286874711994,-5.28092745142404,-4.17710558115827,-3.95754446264563,1.68522518597096,1.48924924211827,1.48924924211827,1.3644779920479,1.3644779920479,1.68522518597096,23.5,22,26,30,24.5,24
"ld0069","ld0069_6",6,-5.71577590922508,-5.14323203792679,-5.44658886269431,-4.25821268382329,-4.44028425006162,-4.23962900356253,1.03141871425724,1.20594799048994,1.20594799048994,1.25699337851569,1.25699337851569,1.03141871425724,32,28,25.5,24.5,24,25
"ld0069","ld0069_7",7,-4.49223345248416,-5.60734701912125,-4.53779297898437,-4.8617793926153,-3.95493165466555,-4.94450533684017,1.03794574799262,0.859969395239437,0.819918442871874,0.819918442871874,1.03794574799262,0.859969395239437,24,22,28,23.5,24,23.5
"ld0069","ld0069_8",8,-5.89653480329662,-5.48717350730635,-5.3833673229268,-4.69573974033478,-4.63598729256259,-4.48476942401331,0.899836345645672,1.26970794627323,0.899836345645672,0.793114742975797,0.793114742975797,1.26970794627323,23,22.5,24,30,23,26
"ld0069","ld0069_9",9,-5.16011315855047,-5.82794905434437,-5.4211869417406,-4.78158116471378,-4.83648238504587,-4.00157639240742,1.19313958825006,0.839967025394838,0.819918442871874,0.839967025394838,0.819918442871874,1.19313958825006,24,32,30,21.5,22,22
"ld0075","ld0075_1",1,-5.64710379253578,-5.66756646340959,-5.40225422941391,-5.03645338104536,-5.25186058927628,-4.92649494707176,-0.841521930705356,-1.67426776240931,-1.31610386164444,-0.841521930705356,-1.31610386164444,-1.67426776240931,25.5,24.5,22,26,23.5,24
"ld0075","ld0075_10",10,-5.79579480833776,-5.71682303435195,-5.32532418985958,-5.12164892521033,-4.42826166996715,-4.69311938441299,-1.30755019812084,-1.14661232230415,-1.39346863210432,-1.14661232230415,-1.39346863210432,-1.30755019812084,26,23.5,23,24,22,24
"ld0075","ld0075_3",3,-4.91137895608061,-5.08315437535977,-5.60948344225279,-4.98533501251555,-5.18156686377031,-4.96812236201706,-1.53273245860948,-1.35040307998272,-1.3848384066868,-1.53273245860948,-1.3848384066868,-1.35040307998272,26,26,22,32,26,22
"ld0075","ld0075_4",4,-5.70056216542244,-4.95161760977139,-4.74195945114958,-4.90212471510167,-5.21065911549322,-5.31065536761842,-2.01996573434065,-1.69212309986546,-1.69212309986546,-1.67426776240931,-1.67426776240931,-2.01996573434065,32,30,24,25,26,24.5
"ld0075","ld0075_5",5,-5.67730686718049,-5.29255818253116,-5.30579364439582,-5.7451474290525,-5.66607059152235,-4.67900167329035,-1.2309442876934,-1.35040307998272,-1.35040307998272,-1.20555853304483,-1.20555853304483,-1.2309442876934,23.5,22,24.5,30,23,24
"ld0075","ld0075_6",6,-6.05796595344485,-5.3199271858324,-4.98446270404227,-4.88214168858881,-4.88718395367585,-4.70220335929358,-1.17182596989856,-0.914751824714903,-0.865863295731913,-0.865863295731913,-1.17182596989856,-0.914751824714903,23.5,28,24,24,22,24.5
"ld0075","ld0075_7",7,-6.21343278936854,-5.86555391888483,-5.51270164256888,-5.69665721968361,-5.35432089458422,-4.94817302061992,-1.45412173633917,-1.39346863210432,-1.39346863210432,-1.45412173633917,-1.33323652454843,-1.33323652454843,24.5,23.5,30,22,24,25
"ld0075","ld0075_8",8,-6.38057590965766,-6.08146803235592,-5.40971741686771,-5.7526668832665,-4.82112886045796,-5.18656706909717,-1.62092113369196,-1.299004957704,-1.42807562091088,-1.299004957704,-1.42807562091088,-1.62092113369196,32,22.5,28,30,23,23.5
"ld0075","ld0075_9",9,-6.10652933056164,-5.05326266733237,-5.04320208179343,-5.54065979245378,-4.72744596140259,-4.79370230848236,-1.36760366230832,-1.5152017638754,-1.5152017638754,-1.44543100858015,-1.44543100858015,-1.36760366230832,24,32,23,23,28,26
"ld0076","ld0076_10",10,-5.07957709545874,-5.43309982714613,-5.19674863060943,-4.93526871788844,-5.18574039227642,-4.61009147569383,0.972453430012505,0.63736581631691,0.401883296507264,0.63736581631691,0.401883296507264,0.972453430012505,24,32,30,23,22,22
"ld0076","ld0076_2",2,-5.54251934834928,-5.4961229038321,-5.07440307233246,-5.38150486389318,-5.04277245494941,-4.86722778748148,1.02488676743616,0.644195955152066,0.899836345645672,0.644195955152066,0.899836345645672,1.02488676743616,26,29,32,24,28.5,28.5
"ld0076","ld0076_3",3,-5.48013425071065,-5.70496857779851,-4.69845820174498,-5.25477523495735,-4.51453281586443,-4.97943768979359,0.568767111712586,0.799823433640101,2.42765798759857,0.568767111712586,2.42765798759857,0.799823433640101,22.5,26,27,22,32,26
"ld0076","ld0076_4",4,-4.59030916008174,-5.28819774309498,-4.90999990930715,-4.65518240656437,-4.25961900230159,-4.41704251733061,1.06400489953431,1.08349803601751,1.06400489953431,1.08349803601751,0.926312921309986,0.926312921309986,24,23.5,24,26,32,24.5
"ld0076","ld0076_5",5,-5.76826723723879,-5.0211402787414,-5.49066525948349,-5.02972408123695,-4.92200098477404,-5.58824382241173,1.15460055699066,1.1094209557946,0.886567702476291,1.1094209557946,1.15460055699066,0.886567702476291,25,25,24.5,22,28,26
"ld0076","ld0076_6",6,-5.31364788066593,-5.70791339517179,-6.41800600935806,-5.39101813383241,-4.83320204061261,-5.08856451176406,0.979024949404237,0.886567702476291,0.886567702476291,0.998709701003173,0.998709701003173,0.979024949404237,32,28,25,23.5,24,25
"ld0076","ld0076_7",7,-5.74702270324898,-5.40281980601412,-5.23353818687105,-5.0268434901075,-4.23706204089498,-5.54688437245258,0.839967025394838,0.866626619150194,0.705426486327511,0.705426486327511,0.839967025394838,0.866626619150194,23,22,28,24,24,23.5
"ld0076","ld0076_8",8,-4.84525849220881,-4.67563277984518,-5.07743877832726,-4.72945033223179,-4.7507969478451,-4.71660578431552,0.623689389621414,0.772957495951457,0.906463066809307,0.772957495951457,0.906463066809307,0.623689389621414,32,22.5,28,30,26,24.5
"ld0076","ld0076_9",9,-4.7672320434886,-5.49442008888155,-5.19000929919195,-4.97944452326928,-4.81669116680768,-4.57814040426745,0.429921094540527,0.338465053646595,0.338465053646595,0.338465053646595,0.338465053646595,0.429921094540527,24,32,30,22,22,22
"ld0077","ld0077_10",10,-5.37881639498673,-5.69315000027821,-5.06989608697531,-5.11203101329073,-4.54416662421377,-4.4109948305577,0.899836345645672,0.534263324934258,1.07700518802132,0.534263324934258,1.07700518802132,0.899836345645672,26,22,22,24,22,22.5
"ld0077","ld0077_2",2,-5.55120646253907,-5.55814798341307,-5.16107476897162,-5.08300632944462,-4.82142775022373,-4.4091367350345,1.50162826125331,1.07050747828899,1.26970794627323,1.26970794627323,1.07050747828899,1.50162826125331,26.5,24,22,25,24,26
"ld0077","ld0077_3",3,-5.47527843645835,-5.50167373186175,-5.38689440490967,-4.88110196433452,-4.87898104345085,-4.76066700478733,0.998709701003173,0.846639606225008,0.998709701003173,0.998709701003173,0.998709701003173,0.846639606225008,26,25.5,22.5,32,26,22
"ld0077","ld0077_4",4,-5.71726019243017,-5.67240590807405,-5.37499540773243,-5.05412365270793,-5.08697291160129,-5.11249295193018,0.91308473133669,1.07700518802132,0.91308473133669,1.07700518802132,0.985591496022592,0.985591496022592,24.5,24,24,26,32,25
"ld0077","ld0077_5",5,-6.05203442042314,-5.3458627457838,-5.34248996808794,-5.52670966848541,-4.72982271266212,-4.42832493012861,1.33930700719965,1.24426015401227,1.24426015401227,1.12881245200276,1.12881245200276,1.33930700719965,24.5,22,25.5,30,23.5,24
"ld0077","ld0077_6",6,-5.41196658321973,-5.5270741425722,-5.58805461609692,-5.45944667378293,-5.0062341931646,-4.93986769836442,1.09646917586476,1.11588960383328,1.11588960383328,1.18031225266664,1.18031225266664,1.09646917586476,32,28,26,24.5,24,24.5
"ld0077","ld0077_7",7,-5.50030650855676,-5.67104910503957,-5.25727504430172,-5.25172122653795,-5.05249000918888,-5.49044468304607,0.718974796561386,0.671462877640307,0.596271701908755,0.596271701908755,0.718974796561386,0.671462877640307,24.5,22,28,24,24,24.5
"ld0077","ld0077_8",8,-5.26509537905713,-5.21056952747986,-5.25257106833711,-5.19417088753456,-4.9089115886229,-5.03171440575205,0.651020722269143,0.732501987051341,0.826606451636125,0.732501987051341,0.826606451636125,0.651020722269143,32,25.5,28,30,24,25
"ld0077","ld0077_9",9,-5.23873743140322,-5.29171501014966,-5.17968402583682,-5.1100992288083,-5.07494344177183,-4.77387621618043,-0.186290726247462,0.664654175100285,0.664654175100285,0.739257682948852,0.739257682948852,-0.186290726247462,23.5,32,24,23.5,28,26
"ld0088","ld0088_10",10,-5.23400262044623,-4.98330197611752,-5.58696203548052,-5.42880721792368,-5.36136175113043,-4.54550809784684,-0.391554484344103,-0.307341560211187,-0.445573188434875,-0.391554484344103,-0.307341560211187,-0.445573188434875,26,30,28,22,22,22.5
"ld0088","ld0088_2",2,-5.42305440029947,-4.78284204938003,-5.00433905706208,-4.41957216932249,-4.30341325569641,-4.7937564048645,1.05749744445464,0.429921094540527,0.554982055688854,0.554982055688854,1.05749744445464,0.429921094540527,32,30,24,25.4,26,27.4
"ld0088","ld0088_5",5,-5.06547587266355,-4.13057411814982,-5.55491326010277,-5.33895375329448,-4.13156903558851,-4.46236479265523,0.63736581631691,0.324308947828485,0.324308947828485,0.394859669299002,0.63736581631691,0.394859669299002,25.5,26,24.5,22,28,24
"ld0088","ld0088_6",6,-6.18010667670453,-6.03146229807697,-4.77201020265635,-5.80345387075416,-4.37708199955595,-5.00505240745025,0.303031395013394,0.457868593550985,0.457868593550985,0.253179935306519,0.253179935306519,0.303031395013394,24,24.5,22,24.5,28,24.5
"ld0088","ld0088_7",7,-5.38964152111674,-6.03198533699491,-4.83981019404233,-5.36563820808504,-4.91268129408475,-5.10022761704517,-0.0373138322584054,-0.11893444285538,-0.0373138322584054,0.217395592052456,0.217395592052456,-0.11893444285538,28,23.5,24.5,26,22,24
"ld0088","ld0088_8",8,-6.129809793471,-5.54738044530492,-5.56678862077501,-4.53458172147034,-5.29203315364102,-5.03863253471004,0.12365975561675,0.0727640616705094,0.317222225554611,0.317222225554611,0.0727640616705094,0.12365975561675,22,30,23.5,32,22.5,26
"ld0088","ld0088_9",9,-5.2949402753451,-4.38733518010117,-4.36639362935849,-5.2843852704836,-5.19131418081176,-4.84080252355892,-0.254173922033598,-0.406954117386605,-0.768904846338523,-0.254173922033598,-0.768904846338523,-0.406954117386605,32,23,30,24.5,23.5,28
"ld0089","ld0089_10",10,-5.68130108550722,-5.74764596483863,-5.54748615550308,-4.91517680710817,-4.97032138062732,-4.85994012051703,-0.972138747694964,-1.17182596989856,-1.17182596989856,-1.18024682542795,-0.972138747694964,-1.18024682542795,32,26,21.5,22,21.5,30
"ld0089","ld0089_2",2,-5.25754689335498,-5.84843698615242,-4.86244035740743,-4.95243525626831,-4.28036214089773,-4.70051271631569,0.589403722965308,0.926312921309986,0.589403722965308,0.616843084775504,0.926312921309986,0.616843084775504,24,23.5,28,25.6,25,27.4
"ld0089","ld0089_3",3,-5.56918375183126,-5.30949318400326,-5.49171645324538,-5.2885506169013,-4.710215751248,-4.96252050079554,0.0508599079904245,0.0508599079904245,-0.193807132903691,-0.231487135406856,-0.231487135406856,-0.193807132903691,29.5,28,32,22,26,26
"ld0089","ld0089_4",4,-5.88862965816192,-5.15486173251958,-5.37367085249367,-5.91218767107019,-4.29833282807359,-4.47564164409174,-0.0078229255665579,0.443906095056662,0.303031395013394,-0.0078229255665579,0.443906095056662,0.303031395013394,24,27.5,26,25.5,22,26
"ld0089","ld0089_5",5,-5.86910285396447,-5.22453637641854,-5.100707277239,-4.71131834508892,-4.3746789749615,-4.82542204727083,0.651020722269143,0.725741027658245,0.651020722269143,0.725741027658245,1.05749744445464,1.05749744445464,24.5,30,22,23.5,24,24
"ld0089","ld0089_6",6,-5.59068935280638,-5.33335445925819,-4.78967853206379,-5.13859833310352,-4.62152916744466,-4.57833917846792,-0.0078229255665579,-0.0078229255665579,-0.163780490688191,-0.163780490688191,0.0215680964066713,0.0215680964066713,32,24,28,24,22,24.5
"ld0089","ld0089_7",7,-5.8319705681634,-4.63888934050604,-5.06648114619297,-4.94000312698888,-4.64738794580235,-4.70934939965794,0.899836345645672,-0.269331464650908,-0.0373138322584054,-0.269331464650908,-0.0373138322584054,0.899836345645672,23.5,24.5,28,30,24.5,22
"ld0089","ld0089_8",8,-5.85375026497624,-5.72924737038044,-5.22356468797645,-4.82209958520163,-4.89594971728305,-4.29551688347744,-0.239042809320918,-0.468827398711954,-0.284515529666022,-0.284515529666022,-0.468827398711954,-0.239042809320918,22,30,23,32,23,26
"ld0089","ld0089_9",9,-6.07158539116742,-5.75211132524711,-4.94434795927514,-5.02316309026115,-5.26906696137054,-4.66967948088609,-0.593913397956712,-0.744833566154332,-0.744833566154332,-0.593913397956712,-0.793043084272879,-0.793043084272879,24,28,25,26,24,30
"ld0092","ld0092_1",1,-4.96922572822986,-5.47920275512544,-4.85342464361529,-4.81322588357466,-4.69749887485703,-4.22341160348059,2.09331446799422,1.89462464868475,2.09331446799422,1.89462464868475,1.78157805310777,1.78157805310777,26,25,28,22,32,25
"ld0092","ld0092_10",10,-5.60076525236702,-4.7603410026447,-4.1444200510675,-4.46987140611294,-3.97154060584394,-3.99892155241968,0.408901243466458,0.338465053646595,0.485726373309142,0.338465053646595,0.485726373309142,0.408901243466458,26,22.5,22,24,22,22.5
"ld0092","ld0092_2",2,-5.02078957474577,-5.27369012194776,-4.45958765095911,-4.21902620111779,-4.0885551930071,-3.99718113710184,1.88871140079524,1.66096887124762,1.72148300031639,1.72148300031639,1.66096887124762,1.88871140079524,24.5,25.5,22,25,24,26
"ld0092","ld0092_3",3,-5.39922757729676,-4.78898125154966,-4.30539201717852,-4.42290054720852,-4.05283616013343,-4.07915881161224,0.846639606225008,1.08998602954746,1.15460055699066,0.846639606225008,1.15460055699066,1.08998602954746,21.5,24,24.5,22,32,26
"ld0092","ld0092_4",4,-4.93181334663196,-4.32586061531671,-4.34570535157766,-4.13662737321537,-4.17409789176953,-4.07266493289103,1.18672829062404,1.26970794627323,1.18672829062404,1.26970794627323,1.08998602954746,1.08998602954746,24.5,24,24,26,32,24
"ld0092","ld0092_5",5,-5.56758758229844,-4.50945908656278,-5.20717549846059,-4.5935216938669,-4.12739675746172,-4.67494007355958,1.48924924211827,1.53249877030267,1.42084716787156,1.53249877030267,1.48924924211827,1.42084716787156,23.5,24.5,23,22,28,26
"ld0092","ld0092_7",7,-4.1465234907731,-5.33856993988598,-4.57820931856554,-5.27560212229664,-4.51704759329405,-4.86856636269393,0.91308473133669,0.712203285533365,0.499621798123038,0.499621798123038,0.91308473133669,0.712203285533365,24,22,28,23,24,23.5
"ld0092","ld0092_8",8,-5.63316540289692,-4.59590880527787,-5.31980232416864,-4.32185101717421,-4.30149707937604,-3.76234052170939,0.886567702476291,0.939520977044187,0.886567702476291,0.859969395239437,0.859969395239437,0.939520977044187,23.5,25.5,24,30,24.5,26
"ld0092","ld0092_9",9,-5.17018557556967,-4.70212193242596,-5.05096163022543,-4.9830436681964,-4.31839274759434,-4.05576503535405,0.281701541729117,0.45089015252989,0.45089015252989,0.174258679981658,0.174258679981658,0.281701541729117,22.5,32,22.5,21.5,28,26
"ld0095","ld0095_1",1,-5.5499933744767,-4.64217489229923,-4.64889148359525,-4.84576869253836,-4.77747994847126,-4.92247813626427,1.14171608403403,1.51398964645198,1.51398964645198,1.11588960383328,1.11588960383328,1.14171608403403,32,30,19.5,22,26,29
"ld0095","ld0095_10",10,-5.49012553932752,-5.49679781790249,-5.16280146935593,-5.03897859735608,-4.60052638514115,-4.81195994255486,-0.059497971162887,-0.0520969549854148,-0.0520969549854148,-0.0373138322584054,-0.059497971162887,-0.0373138322584054,32,26,22,23,22.5,30
"ld0095","ld0095_2",2,-5.72405518442384,-5.67003314456564,-5.38723448558375,-5.03443871088841,-5.0943628324272,-4.61311052722448,1.05098510573093,1.14171608403403,1.05098510573093,1.15460055699066,1.14171608403403,1.15460055699066,24,23.5,28,25,23.6,25.4
"ld0095","ld0095_3",3,-5.86297705358256,-5.51929800863773,-5.59302512812333,-5.21328491300309,-4.97024617725403,-4.71462641095754,0.443906095056662,0.739257682948852,0.492676867026398,0.492676867026398,0.739257682948852,0.443906095056662,30,22,24.5,26,25.5,23.5
"ld0095","ld0095_4",4,-6.14128700720666,-5.56208892078342,-5.75078509243906,-6.12285697181343,-4.81524574665241,-4.30883885147847,0.561877321003633,0.879925764959477,0.63736581631691,0.561877321003633,0.879925764959477,0.63736581631691,24,28,26.5,25.5,22,26
"ld0095","ld0095_5",5,-5.96561942817655,-5.3938597933196,-5.30503185837975,-4.98433894379071,-4.94714189703564,-4.67327677177084,0.826606451636125,0.813225275596688,0.826606451636125,0.813225275596688,0.998709701003173,0.998709701003173,24.5,30,22,24.5,24.5,24
"ld0095","ld0095_6",6,-6.01405950132283,-6.18355042005691,-5.53841253814396,-5.34663551213577,-4.73231867844482,-4.71396381024736,0.352598103907569,0.63053029730094,0.63053029730094,0.408901243466458,0.408901243466458,0.352598103907569,24,27.5,22,26.5,28,25.5
"ld0095","ld0095_7",7,-5.20717093403004,-6.10073447233667,-5.16023648854406,-5.28935009299482,-5.09007695743313,-5.25169106565253,0.210220981522159,0.253179935306519,0.210220981522159,0.603134249472478,0.603134249472478,0.253179935306519,28,24,24.5,23,22,24
"ld0095","ld0095_8",8,-5.66466695934371,-5.03263262098468,-4.60206889995084,-4.38951637286964,-4.56603409179951,-4.50588627555597,0.352598103907569,0.331389887382602,0.54117506639251,0.54117506639251,0.331389887382602,0.352598103907569,22,30,24,32,23,26
"ld0095","ld0095_9",9,-4.79375519732404,-4.57340963461876,-4.88024447165365,-4.43666767387952,-4.40732770433672,-4.19317557489066,0.443906095056662,0.394859669299002,0.786400861834641,0.443906095056662,0.786400861834641,0.394859669299002,32,23,30,23,23,28
"ld0104","ld0104_1",1,-4.61503447854266,-5.31606757350054,-4.72256538436308,-4.82873995311936,-4.44082880815856,-4.49928907586308,1.63664456396241,1.12235343351172,1.63664456396241,1.12235343351172,1.01834990012737,1.01834990012737,26,25,28,22,32,24.5
"ld0104","ld0104_10",10,-5.8413342811819,-5.74056264835012,-4.77428470097159,-4.66615821757986,-4.16544511044285,-4.26588590686707,0.45089015252989,0.422920133336207,0.443906095056662,0.422920133336207,0.443906095056662,0.45089015252989,26,22.5,22.5,24,22,23
"ld0104","ld0104_2",2,-5.0740186427026,-5.70815984136176,-5.37642594585431,-4.89457373933821,-4.94043651001426,-4.2941979717534,1.3266940820982,1.07050747828899,1.2760582509416,1.2760582509416,1.07050747828899,1.3266940820982,26,24.5,22,24.5,24,26
"ld0104","ld0104_3",3,-5.14150320835911,-5.63974148351616,-5.52916627804886,-4.30308858614242,-4.50435862113627,-4.5079055537345,0.859969395239437,0.906463066809307,0.826606451636125,0.859969395239437,0.826606451636125,0.906463066809307,26,26.5,23,32,26,22
"ld0104","ld0104_5",5,-5.97853094785614,-5.90005797648166,-5.89419301927756,-4.28795533105075,-4.73370004999257,-4.07439347535835,1.08349803601751,0.899836345645672,0.899836345645672,0.879925764959477,0.879925764959477,1.08349803601751,26,22,25,30,25.5,24
"ld0104","ld0104_6",6,-5.61001211613204,-5.46349276250702,-5.37710822477882,-4.34174179559578,-4.47540614342357,-4.30623375705663,0.886567702476291,0.979024949404237,0.979024949404237,0.979024949404237,0.979024949404237,0.886567702476291,32,28,24,23.5,24,24
"ld0104","ld0104_7",7,-6.14715227425415,-5.59851719353304,-4.95535807359146,-4.90619284973695,-4.72727556201336,-4.72436540580732,0.28881731985812,0.338465053646595,0.338465053646595,0.28881731985812,0.422920133336207,0.422920133336207,25,22.5,30,22,24,25
"ld0104","ld0104_8",8,-5.72540864359426,-5.08643199134389,-4.37550141033165,-5.02717421109369,-4.36633070282992,-4.56420608956479,0.203040434201336,0.295927267770882,0.394859669299002,0.295927267770882,0.394859669299002,0.203040434201336,32,24.5,28,30,24.5,24
"ld0104","ld0104_9",9,-5.53026304315579,-4.97427318208354,-4.90664940280173,-5.20767259832599,-4.45079724514836,-4.64511506528639,0.231727041952489,0.310129711108231,0.310129711108231,0.188661489830889,0.188661489830889,0.231727041952489,23.5,32,25.5,25,28,26
"ld0105","ld0105_1",1,-5.73570729170458,-5.17601265796898,-4.03043431340626,-5.23868033812381,-4.49379447792885,-4.82834073766681,0.932919462125529,1.25062910177859,1.25062910177859,0.992153077387831,0.992153077387831,0.932919462125529,32,30,21.5,23,26,27.5
"ld0105","ld0105_10",10,-5.21485693671543,-5.68964261531455,-5.60870350339669,-4.62905046361187,-5.07693568641773,-3.96164527570186,-0.0299317042572121,-0.133857388823811,0.00688502870372367,-0.0299317042572121,-0.133857388823811,0.00688502870372367,26,30,28,22,22,22
"ld0105","ld0105_4",4,-5.14919898466194,-5.0463550148815,-5.16628382013528,-4.77798903685044,-4.10364784385677,-4.39091828852336,0.63053029730094,0.616843084775504,0.63053029730094,0.705426486327511,0.705426486327511,0.616843084775504,27.5,26,32,27.5,28,30
"ld0105","ld0105_5",5,-5.74285506278054,-5.23416579526591,-5.01513666005978,-4.01575839786988,-4.84256302795582,-4.19452810157647,1.18672829062404,1.30141310007424,1.18672829062404,1.30141310007424,1.55096849903912,1.55096849903912,25.5,30,22,25,24.5,24
"ld0105","ld0105_6",6,-5.97300635256841,-5.76427543014103,-4.58648534003953,-5.41409641153572,-4.28635113978706,-4.91527279747866,0.651020722269143,0.651020722269143,0.739257682948852,0.739257682948852,0.926312921309986,0.926312921309986,32,25,28,25,22,25
"ld0105","ld0105_8",8,-5.68832840629921,-5.61052740514516,-4.57836098568241,-4.463878544634,-4.30143286655435,-3.93719261926553,0.485726373309142,0.527346073916668,0.651020722269143,0.651020722269143,0.527346073916668,0.485726373309142,23.5,26,24,24,22.5,22
"ld0105","ld0105_9",9,-5.99160415685297,-5.89327633100797,-5.00425469349201,-5.09802115937969,-4.98844493147499,-4.55298759214455,0.0654688187506638,-0.0299317042572121,-0.0299317042572121,0.0654688187506638,-0.104037115690907,-0.104037115690907,24,28,23,24,23.5,30
"ld0107","ld0107_1",1,-5.71228431308123,-5.50886211710576,-5.48614638158631,-5.39268541030194,-5.11482316423833,-4.79044634331861,0.45089015252989,0.188661489830889,0.267452456520801,0.45089015252989,0.267452456520801,0.188661489830889,28.5,26.5,22,26,26,24
"ld0107","ld0107_10",10,-5.74716430526297,-5.69790309214763,-4.44012628192329,-4.78108347963083,-4.65371337065947,-4.28530980829725,0.274579923814369,-0.059497971162887,0.408901243466458,-0.059497971162887,0.408901243466458,0.274579923814369,26,21.5,22,24,22,22.5
"ld0107","ld0107_2",2,-6.58050183371152,-5.39671859873629,-5.37540944826961,-5.31172971126149,-4.86577523877626,-4.46321751457829,0.408901243466458,0.0289003240858869,-0.000465832339038638,0.0289003240858869,-0.000465832339038638,0.408901243466458,26,24.5,32,24,24,25
"ld0107","ld0107_3",3,-4.75075750295843,-5.50925274182137,-5.77362656547041,-4.94494011402162,-5.17667512056593,-5.00185926632853,-0.0817389682386478,-0.284515529666022,-0.360836962208546,-0.0817389682386478,-0.360836962208546,-0.284515529666022,27,27,23,32,26,22
"ld0107","ld0107_4",4,-5.91680689748318,-6.22590820481264,-5.48243565650073,-5.35398421097797,-5.19186998174652,-5.05315576145522,0.101883857258418,0.181463073041441,0.181463073041441,0.366708173588878,0.366708173588878,0.101883857258418,32,30,24,24,26,24.5
"ld0107","ld0107_6",6,-5.78458437044012,-5.50434867110228,-5.58997881288267,-4.59111630602307,-4.91718757486812,-5.06498208777659,0.231727041952489,0.394859669299002,0.471808662319197,0.471808662319197,0.231727041952489,0.394859669299002,23.5,28,24,23,22,24
"ld0107","ld0107_7",7,-6.19094577249246,-5.73658421755024,-5.30335563734578,-5.06898611857528,-5.28533046263417,-4.71100125678407,0.174258679981658,0.45089015252989,0.45089015252989,0.174258679981658,0.408901243466458,0.408901243466458,24,23.5,30,22,24,24
"ld0107","ld0107_8",8,-5.65539381965222,-5.57562992209001,-5.50150658638745,-4.7427829245572,-4.93697859517956,-4.51518360597425,0.338465053646595,0.260319130231674,0.338465053646595,0.324308947828485,0.324308947828485,0.260319130231674,22.5,22,24,30,23,26
"ld0107","ld0107_9",9,-5.72172691744704,-5.07495223978348,-5.43465406178559,-5.07902666794776,-4.69503406385639,-4.57973443495936,-0.0373138322584054,-0.0447022455970994,-0.0447022455970994,-0.111482582421427,-0.111482582421427,-0.0373138322584054,21.5,32,22.5,22.5,28,26
"ld0111","ld0111_1",1,-5.38717743312991,-5.72734643691205,-5.21495187773891,-5.50227367595525,-5.12816589911593,-4.67430303155667,-0.437835612405437,-0.609676691922707,-0.437835612405437,-0.609676691922707,-0.633375452966432,-0.633375452966432,28,26,28,22,32,26
"ld0111","ld0111_10",10,-6.10864306552174,-6.17022238151059,-5.41756159422571,-5.46540436084363,-4.98612406380832,-5.05878469359922,-1.2649078963806,-1.41075487475698,-1.13822402687855,-1.41075487475698,-1.13822402687855,-1.2649078963806,26,22,22,24,22,22.5
"ld0111","ld0111_2",2,-5.847430006165,-5.62951060164924,-5.29930445355817,-4.77028400872287,-4.71045337130265,-4.15289134174876,-0.163780490688191,-0.445573188434875,-0.562472454351212,-0.445573188434875,-0.562472454351212,-0.163780490688191,26,25.5,32,24,24.5,26
"ld0111","ld0111_3",3,-5.47703215555592,-5.48091152049322,-4.5361687012049,-5.1237983371227,-4.60423522320205,-4.63871693854346,-0.712842042576433,-0.649210659809684,-0.570322017023104,-0.712842042576433,-0.570322017023104,-0.649210659809684,22.5,25.5,28,22,32,26
"ld0111","ld0111_4",4,-5.19444954440306,-5.19508393152309,-5.39241290432875,-5.32311387453535,-5.11101722350702,-5.0446394889706,-1.18867586051718,-0.720828873275605,-0.720828873275605,-0.857741918497038,-0.857741918497038,-1.18867586051718,32,30,23.5,24,26,24.5
"ld0111","ld0111_5",5,-5.96672159432129,-4.9741256564355,-5.9345085759804,-5.44519409912422,-5.10415222273699,-5.69688988323396,-0.414664194252828,-0.609676691922707,-0.657139112569601,-0.609676691922707,-0.414664194252828,-0.657139112569601,24,26.5,27,22,28,26
"ld0111","ld0111_6",6,-5.95973024889708,-5.69828312384338,-4.88406127924318,-5.15955070190618,-5.01310669549443,-4.07336550953864,-0.601791465626328,-0.69689040032341,-0.570322017023104,-0.570322017023104,-0.601791465626328,-0.69689040032341,25,28,24,24.5,22,25.5
"ld0111","ld0111_7",7,-5.91797285052733,-5.90013646716787,-5.33606887151642,-5.43426630766085,-5.15122116831005,-5.35716883632811,-0.898425026028292,-0.898425026028292,-0.898425026028292,-0.898425026028292,-0.78498954221726,-0.78498954221726,23.5,22.5,30,22,24,23.5
"ld0111","ld0111_8",8,-6.07097279762919,-5.9259315206548,-5.71276065819773,-5.50437472182501,-5.32669359031123,-4.96874631700441,-1.32466596489661,-1.48024626467679,-1.32466596489661,-1.34181555732042,-1.34181555732042,-1.48024626467679,22.5,22,24,30,24,26
"ld0111","ld0111_9",9,-5.85311020363115,-5.81336555949102,-5.76477082511388,-5.54602388260726,-5.37766754740697,-5.23014165551243,-1.3848384066868,-1.44543100858015,-1.52396268429857,-1.44543100858015,-1.52396268429857,-1.3848384066868,24,32,30,23.5,23,27.5
"ld0115","ld0115_1",1,-5.64784136810088,-5.70556796770064,-5.38768271194863,-4.88388273845747,-4.93826588951854,-4.67241957821867,1.60002977992662,1.40209809840556,1.46443810029207,1.60002977992662,1.46443810029207,1.40209809840556,26.5,25,22,26,25.5,24
"ld0115","ld0115_10",10,-5.7687668551743,-5.70466916765227,-5.23002863624364,-4.80735589517086,-4.98908184743799,-4.32490313699905,-0.445573188434875,-0.531145016204281,-0.445573188434875,-0.531145016204281,-0.445573188434875,-0.445573188434875,24,32,30,23,22.5,22
"ld0115","ld0115_2",2,-5.48704572312375,-5.02768369575641,-5.14222753951118,-4.78762547172336,-4.81545513955996,-5.13964441334489,1.65489418360572,1.44578307854202,1.53249877030267,1.53249877030267,1.44578307854202,1.65489418360572,25,24,22,24,24,26
"ld0115","ld0115_4",4,-5.48547644530653,-5.29029939655162,-5.14812617229104,-4.31349845780742,-4.34045046701369,-4.55716575900071,0.91970134693905,0.906463066809307,0.91970134693905,0.906463066809307,0.873278739784166,0.873278739784166,24.5,24,24,26,32,25
"ld0115","ld0115_5",5,-5.42299232201828,-5.34178452309342,-5.26731494662992,-5.05543503311296,-4.58601051043913,-5.14268721025744,0.998709701003173,0.893204560116881,0.685064276885822,0.893204560116881,0.998709701003173,0.685064276885822,23,25,23,22,28,26
"ld0115","ld0115_6",6,-5.66249582010714,-6.15274424477081,-5.02804506854964,-5.09077358133737,-4.23005521914762,-4.29294878098541,0.506561175495697,0.596271701908755,0.718974796561386,0.718974796561386,0.506561175495697,0.596271701908755,24,28,24,24,22,24
"ld0115","ld0115_7",7,-5.44431123711228,-5.77218091570908,-5.21562353007025,-5.37150825166235,-4.45159855949414,-5.06923723166838,0.345534456027045,-0.104037115690907,-0.163780490688191,-0.163780490688191,0.345534456027045,-0.104037115690907,25,22,28,24,24,23.5
"ld0115","ld0115_9",9,-5.54353271778435,-5.58762689592304,-4.97340613006878,-5.09620413023025,-4.37110141284475,-4.38303906701058,-0.0225558509087076,-0.186290726247462,-0.368506154879245,-0.186290726247462,-0.368506154879245,-0.0225558509087076,24,32,30,22,22,22.5
"ld0118","ld0118_2",2,-5.61621482741356,-4.81820685929734,-5.24253569998985,-5.01107544094667,-4.81504688249669,-4.80606178362511,1.28240391187672,1.45822421464018,1.46443810029207,1.46443810029207,1.28240391187672,1.45822421464018,32,30,23.5,23.8,26,30
"ld0118","ld0118_3",3,-5.87522296554843,-5.37752898633747,-5.27577555307361,-5.62267725472571,-5.24826000561168,-4.8667447123808,1.37075934660524,1.37075934660524,1.19313958825006,1.1094209557946,1.1094209557946,1.19313958825006,25,28,32,22,24,24
"ld0118","ld0118_4",4,-6.21351020133183,-5.33212009552064,-5.34882318160516,-6.19754844532874,-4.86099254545432,-4.81042691457656,1.23150821793048,1.25699337851569,1.23150821793048,1.23150821793048,1.25699337851569,1.23150821793048,24,27.5,24.5,25,22,26
"ld0118","ld0118_5",5,-5.41643963473727,-5.02258288314237,-5.36037257366383,-5.18919806398901,-4.85658487643794,-5.08807086580421,1.58779043947438,1.31406279756509,1.31406279756509,1.37703615768692,1.58779043947438,1.37703615768692,25,26,27.5,22,28,24.5
"ld0118","ld0118_6",6,-5.70918212657307,-4.90880116885084,-5.88253731973541,-5.74856134981343,-5.02879783906303,-4.74636204520723,0.718974796561386,0.718974796561386,0.873278739784166,0.873278739784166,1.12881245200276,1.12881245200276,32,25,28,24.5,22,24
"ld0118","ld0118_9",9,-5.71739186370526,-5.7371256305397,-5.42972598528074,-5.11554324551006,-5.06211434257713,-4.97398596103199,0.561877321003633,0.492676867026398,0.203040434201336,0.561877321003633,0.203040434201336,0.492676867026398,32,22.5,30,23,23,28
"ld0119","ld0119_1",1,-5.69601105055064,-5.45914760504035,-5.10455236972097,-5.36561553200366,-4.92387588634821,-4.89576596583218,0.520423304549056,0.394859669299002,0.520423304549056,0.394859669299002,0.366708173588878,0.366708173588878,28,25,28,22,32,25.5
"ld0119","ld0119_10",10,-4.88695395435291,-5.60725549000471,-5.34281046633688,-5.20428199897164,-5.29341022627904,-4.53464658000654,0.685064276885822,0.331389887382602,0.238883900867089,0.331389887382602,0.238883900867089,0.685064276885822,24,32,30,22.5,21.5,22.5
"ld0119","ld0119_2",2,-5.99740898029387,-5.61158996792977,-5.02499931446252,-5.07346695275274,-4.63280092314228,-4.64415938194355,0.623689389621414,-0.292117537109773,0.260319130231674,-0.292117537109773,0.260319130231674,0.623689389621414,26,27.5,32,24,26.5,27.5
"ld0119","ld0119_3",3,-5.05353773248987,-4.99879664822273,-5.19154009496301,-4.5215152104171,-4.48369034749097,-4.5800241152498,0.246034862081049,0.159831925300377,0.12365975561675,0.246034862081049,0.12365975561675,0.159831925300377,25.5,26.5,22.5,32,26,22
"ld0119","ld0119_4",4,-5.29188847621975,-5.07796346268456,-5.24157320516546,-4.69978233946948,-5.12422138052809,-5.13020292118911,-0.0817389682386478,-0.141328496424409,-0.0817389682386478,-0.141328496424409,-0.239042809320918,-0.239042809320918,23.5,23.5,24,26,32,23.5
"ld0119","ld0119_5",5,-5.69301910806954,-5.33402060926023,-5.6599026321222,-5.27875790606941,-4.90173842371813,-5.77197277543206,0.401883296507264,0.174258679981658,0.224564275601055,0.174258679981658,0.401883296507264,0.224564275601055,24,25.5,23,22,28,26
"ld0119","ld0119_6",6,-5.09915229487784,-5.39618381081416,-5.57141826292236,-4.56098336285844,-4.36157935246724,-4.79968765145889,0.373754614042706,0.295927267770882,0.295927267770882,0.54117506639251,0.54117506639251,0.373754614042706,32,28,24,23.5,24,24
"ld0119","ld0119_7",7,-5.56692805939223,-5.65128689829935,-5.02598890993731,-5.27621581517651,-4.80214721145593,-5.32311346449283,0.0215680964066713,-0.111482582421427,-0.178780824487466,-0.178780824487466,0.0215680964066713,-0.111482582421427,23,22,28,23.5,24,23.5
"ld0119","ld0119_9",9,-5.4906196858582,-5.186740929818,-5.17984034953021,-5.31136167481686,-4.79175124158051,-5.02915518345263,0.0508599079904245,-0.059497971162887,-0.059497971162887,-0.0225558509087076,-0.0225558509087076,0.0508599079904245,24.5,32,23,23.5,28,26
"ld0128","ld0128_10",10,-6.02814222451938,-5.84672786884131,-5.98887191089564,-5.46921008206383,-4.86023612811991,-4.99479787078214,-0.980367947877414,-0.963917344008403,-0.8253322041025,-0.963917344008403,-0.8253322041025,-0.980367947877414,26,23,22,24,22,23
"ld0128","ld0128_2",2,-5.63158191331158,-5.56537832322732,-5.1457456469083,-5.13987636048928,-4.96607893699562,-4.48450357849068,0.345534456027045,-0.000465832339038638,0.145381146037341,0.145381146037341,-0.000465832339038638,0.345534456027045,25,23,22,23,24,26
"ld0128","ld0128_3",3,-5.98976399386862,-6.10012160149496,-5.03292921709412,-5.22333736044075,-4.64535394672287,-4.98062567115954,-0.5389662794125,-0.406954117386605,0.644195955152066,-0.5389662794125,0.644195955152066,-0.406954117386605,22.5,25,28.5,22,32,26
"ld0128","ld0128_4",4,-5.98675405889804,-5.01614685488142,-5.43891411727875,-5.40499741907851,-5.11507456756134,-4.98334590969667,-0.307341560211187,-0.246605067701096,-0.246605067701096,-0.208859506048355,-0.208859506048355,-0.307341560211187,32,30,23.5,24,26,25
"ld0128","ld0128_5",5,-5.55056485856899,-5.14932269899365,-5.12217905333201,-5.23502787512342,-5.06576303585297,-4.65753974354965,-0.0225558509087076,-0.104037115690907,-0.104037115690907,-0.26174938383471,-0.26174938383471,-0.0225558509087076,23.5,22,25,30,23,24
"ld0128","ld0128_6",6,-5.95734180656303,-4.56995894233349,-5.9408246661485,-5.42144681885344,-5.29652716990668,-4.90549706814295,-0.6412894443422,-0.461069069234886,-0.430104929540413,-0.430104929540413,-0.6412894443422,-0.461069069234886,24.5,28,24,24.5,22,25.5
"ld0128","ld0128_7",7,-6.62038625552508,-5.90884031290478,-5.34964918799353,-5.47872667285893,-5.27740927207454,-5.23260022775321,-0.633375452966432,-0.414664194252828,-0.414664194252828,-0.633375452966432,-0.609676691922707,-0.609676691922707,23,23,30,22,24,23
"ld0128","ld0128_8",8,-5.84165929499096,-5.97197294856839,-5.78004157421098,-5.50416658075622,-5.4114549341192,-5.06919078928238,-0.383864903918844,-0.437835612405437,-0.383864903918844,-0.6412894443422,-0.6412894443422,-0.437835612405437,23,22,24,30,24,26
"ld0128","ld0128_9",9,-5.70851153907532,-5.43313919142223,-5.4035218943726,-5.24272638048143,-5.09683897917501,-4.84515373751522,-0.57817868658838,-0.49214409238775,-0.657139112569601,-0.49214409238775,-0.657139112569601,-0.57817868658838,24,32,30,21.5,22,22
"ld0133","ld0133_10",10,-5.70686050694095,-5.89020302084058,-5.72294878044786,-5.4929876560629,-5.33375948359575,-4.8500334109582,-0.801104107557677,-0.857741918497038,-0.882128888014531,-0.801104107557677,-0.857741918497038,-0.882128888014531,26,30,28,24,23.5,24
"ld0133","ld0133_2",2,-6.0397728274021,-5.67262165535863,-5.1686609218464,-5.50570371718321,-5.13538728158626,-4.68030254418454,-0.768904846338523,-1.20555853304483,-0.768904846338523,-0.68892556181833,-1.20555853304483,-0.68892556181833,24,24,28,22,24.8,22
"ld0133","ld0133_3",3,-5.84169373060841,-5.78768421884214,-5.39435282930647,-5.26609551143979,-4.05199210425872,-4.96968953123562,-0.34551888066328,-0.34551888066328,-0.531145016204281,-0.609676691922707,-0.609676691922707,-0.531145016204281,25.5,28,32,22,24.5,25.8
"ld0133","ld0133_4",4,-5.75028746183259,-5.57380186611066,-5.66565842030573,-5.42479688220721,-4.52866285887572,-4.76134808590485,-0.507723433990825,-0.399250884797238,-0.507723433990825,-0.922926757907411,-0.922926757907411,-0.399250884797238,24.5,26,32,25,28,28
"ld0133","ld0133_5",5,-6.17548594781835,-5.36171307427901,-5.59261863092871,-5.15930457428098,-5.03264642133411,-4.75693153919762,0.345534456027045,0.0727640616705094,0.0727640616705094,0.116407192769115,0.345534456027045,0.116407192769115,26,26,26,22,28,25.5
"ld0133","ld0133_6",6,-6.08699311075632,-5.76691654250017,-5.60630664157269,-5.56824885033603,-4.98476566714206,-5.15689749494955,0.799823433640101,-0.208859506048355,-0.208859506048355,-0.515523606149344,-0.515523606149344,0.799823433640101,24,23.5,22,24,28,24
"ld0133","ld0133_7",7,-6.23103630548366,-5.33048256448977,-5.85390189095602,-5.80048623504303,-5.13210791541044,-5.13461405870328,-0.817248653502053,-0.78498954221726,-0.445573188434875,-0.78498954221726,-0.445573188434875,-0.817248653502053,26,25.5,28,30,25.5,22
"ld0133","ld0133_8",8,-5.84152845045818,-5.64927298278094,-5.51057958488252,-5.2571842524305,-5.30393612223283,-5.05737319060832,-0.531145016204281,-0.307341560211187,-0.141328496424409,-0.141328496424409,-0.307341560211187,-0.531145016204281,23.5,26,23,24,21.5,22
"ld0133","ld0133_9",9,-5.8927322295024,-5.90810181834716,-5.4286420205449,-5.32529419096502,-5.046241539316,-4.71368255240201,-0.633375452966432,-0.57817868658838,-0.57817868658838,-0.633375452966432,-0.570322017023104,-0.570322017023104,24,28,23,23,23.5,30
"ld0137","ld0137_1",1,-4.25165423642217,-5.35183587172386,-4.92859854507604,-4.74158137840127,-4.82697151348784,-4.71055659086993,1.73353535078447,1.34560660162664,1.50781115495418,1.73353535078447,1.50781115495418,1.34560660162664,27.5,25,22,26,25.5,24
"ld0137","ld0137_10",10,-5.70767694828366,-5.58432164727984,-4.8638506340468,-5.04489620343662,-4.11583904229441,-4.54119438564817,0.603134249472478,0.408901243466458,0.806526941846828,0.408901243466458,0.806526941846828,0.603134249472478,26,23.5,24,24,22,23.5
"ld0137","ld0137_2",2,-5.65950705806819,-5.10455533559073,-5.12680013348872,-4.49196338310845,-4.49802037207957,-3.72803209278434,1.60002977992662,1.3203807381005,1.28874493586517,1.28874493586517,1.3203807381005,1.60002977992662,25.5,24.5,22,24.5,24,26
"ld0137","ld0137_3",3,-4.24492499298014,-4.54222524642743,-5.30980975175611,-4.67720543080296,-4.22762983656478,-4.16970811921574,1.08998602954746,0.513495008019687,0.886567702476291,1.08998602954746,0.886567702476291,0.513495008019687,25,25.5,22,32,26,22
"ld0137","ld0137_4",4,-4.81961505577207,-4.72446184654698,-5.17352093788432,-5.03676851135943,-5.10973064362537,-4.90083402818153,0.671462877640307,1.05098510573093,1.05098510573093,0.992153077387831,0.992153077387831,0.671462877640307,32,30,24.5,24,26,24.5
"ld0137","ld0137_5",5,-5.91156301863053,-5.76199830618876,-5.66740503053335,-5.0979254008365,-5.23108030225545,-4.57811130205654,1.3266940820982,1.20594799048994,1.20594799048994,1.23788652835514,1.23788652835514,1.3266940820982,23.5,22,25,30,23.5,24
"ld0137","ld0137_6",6,-5.57502837514646,-5.50181859753219,-4.83480538754295,-5.05146978869464,-4.89422172907019,-4.52328692701491,0.873278739784166,0.985591496022592,1.15460055699066,1.15460055699066,0.873278739784166,0.985591496022592,24.5,28,24,24,22,25
"ld0137","ld0137_7",7,-6.10617620427988,-5.79756494200768,-5.40259913093396,-5.51494096899779,-5.19454400976075,-4.75387404338861,0.651020722269143,0.651020722269143,0.651020722269143,0.651020722269143,0.813225275596688,0.813225275596688,22,24,30,22,24,25
"ld0137","ld0137_8",8,-4.97883129574825,-5.45287793036626,-5.18444757766398,-5.46918777867944,-5.14497243982407,-4.89573066374324,0.664654175100285,0.671462877640307,0.83328930983478,0.671462877640307,0.83328930983478,0.664654175100285,32,23,28,30,23,24
"ld0137","ld0137_9",9,-5.36373648863417,-5.48497012948822,-5.08892797146649,-4.73554986477033,-4.833526047822,-4.69550132182992,0.732501987051341,0.651020722269143,0.705426486327511,0.651020722269143,0.705426486327511,0.732501987051341,24,32,30,22,21.5,23.5
"ld0138","ld0138_10",10,-5.78343853208858,-5.5244443639148,-5.45347101584773,-5.08047472023808,-5.06601524328359,-4.6837786393629,-0.330227791346171,-0.817248653502053,-1.15500873412717,-0.817248653502053,-1.15500873412717,-0.330227791346171,24,32,30,22.5,22.5,22.5
"ld0138","ld0138_2",2,-5.64994734347464,-5.70791429889772,-5.51211126242795,-5.39609625109788,-5.256131438608,-4.47958054576168,-0.186290726247462,-0.625468672517744,-0.570322017023104,-0.570322017023104,-0.625468672517744,-0.186290726247462,26.5,24,22,23.5,24,26
"ld0138","ld0138_3",3,-6.21675339793251,-5.9464139377947,-5.3084808401145,-5.39459547464385,-4.60062652407155,-5.21096439790748,-1.07973190691373,-1.08806382396484,-1.09640374862607,-1.07973190691373,-1.09640374862607,-1.08806382396484,23,26,27,22,32,26
"ld0138","ld0138_4",4,-6.06072759794723,-5.58059460479966,-5.71352134386896,-5.22131280784029,-5.25988350133996,-4.99846154577955,-1.13822402687855,-0.833423291814153,-0.833423291814153,-0.865863295731913,-0.865863295731913,-1.13822402687855,32,30,24,26,26,24.5
"ld0138","ld0138_5",5,-5.63345645221002,-5.64559941927407,-5.94030766202376,-4.95470354897351,-5.09393935169466,-4.86726495677227,-0.201330055734689,-0.322592339078738,-0.322592339078738,-0.360836962208546,-0.360836962208546,-0.201330055734689,26,22,27,30,25.5,24
"ld0138","ld0138_6",6,-6.01703346354044,-6.0051951823163,-6.35022852871009,-5.33640601672648,-4.77735877514264,-5.24809014020915,-0.72882306171944,-0.849628134883871,-0.849628134883871,-0.562472454351212,-0.562472454351212,-0.72882306171944,32,28,24.5,24.5,24,24.5
"ld0138","ld0138_8",8,-6.06269205639635,-5.88765170848464,-4.74101098609959,-5.54504510123732,-4.70470934533435,-5.09609318745757,-1.2309442876934,-1.12147172255982,-0.593913397956712,-1.12147172255982,-0.593913397956712,-1.2309442876934,32,23.5,28,30,24,25.5
"ld0138","ld0138_9",9,-5.83882002954529,-5.39020790001348,-5.50883199941223,-5.39974938663709,-4.71125918915074,-5.15234691085192,-1.10475169630409,-1.23942273579539,-1.23942273579539,-1.31610386164444,-1.31610386164444,-1.10475169630409,22.5,32,22.5,22.5,28,26
"ld0140","ld0140_10",10,-5.64942583211441,-5.62479182789703,-5.50234431013742,-5.09709391479289,-5.04772006200557,-4.80001592394792,-1.19711309107206,-1.40210744908665,-1.40210744908665,-1.299004957704,-1.19711309107206,-1.299004957704,32,26,22.5,22.5,22.5,30
"ld0140","ld0140_2",2,-5.38805434552745,-5.10706117606484,-4.9180070711616,-5.64695243139064,-4.08573154101058,-4.83592172982305,-1.04648400822549,-0.399250884797238,-1.04648400822549,-1.02163141574774,-0.399250884797238,-1.02163141574774,24,23,28,22,22.8,22
"ld0140","ld0140_3",3,-5.80287401480064,-5.48274682340316,-5.19609404674712,-5.20487875521771,-4.83954532611601,-5.10972699986581,-1.12147172255982,-0.914751824714903,-1.31610386164444,-1.31610386164444,-0.914751824714903,-1.12147172255982,30,22,24,26,33.5,22
"ld0140","ld0140_4",4,-5.38594449671111,-5.12648496241232,-5.24352581819229,-5.02559630396063,-4.84204710984276,-4.65207533291938,1.53249877030267,-0.437835612405437,1.53249877030267,-0.617569089867457,-0.617569089867457,-0.437835612405437,27.5,26,32,27.5,28,30
"ld0140","ld0140_5",5,-5.26169329097279,-4.82804027469661,-5.43545364898715,-5.11398699543994,-4.91031844134924,-4.9562015137012,0.0362263616185861,-0.383864903918844,-0.383864903918844,-0.223938034502685,0.0362263616185861,-0.223938034502685,26,26,26,22,28,26
"ld0140","ld0140_6",6,-6.00140902997825,-5.78009240780915,-5.26423599104163,-5.76399819258523,-4.76077554000767,-4.75232875105651,-0.562472454351212,-0.562472454351212,-0.593913397956712,-0.593913397956712,-0.406954117386605,-0.406954117386605,32,25.5,28,25,22,25
"ld0140","ld0140_7",7,-5.59818295756149,-6.05469618925071,-5.55095358229094,-4.94660795046265,-5.33654190404909,-4.97823223960688,-0.736824621476851,-1.00510247562257,-0.736824621476851,-0.736824621476851,-0.736824621476851,-1.00510247562257,28,24.5,24.5,24,22,24
"ld0140","ld0140_8",8,-5.86825413301799,-5.5744522320171,-5.69586222282173,-4.74279221960206,-4.96353097874315,-4.85623827318488,-0.882128888014531,-1.05478404801854,-0.673017782950825,-0.673017782950825,-1.05478404801854,-0.882128888014531,23.5,30,25,32,22,26
"ld0140","ld0140_9",9,-5.83091052678048,-5.52034054571358,-5.54013825853098,-5.2644658494574,-5.24947825119578,-4.88722598232309,-1.32466596489661,-1.3848384066868,-1.58553804311141,-1.32466596489661,-1.58553804311141,-1.3848384066868,32,24,30,25,25,28
"ld0142","ld0142_1",1,-6.12711292181581,-4.89235518200284,-4.70836937233507,-5.20675529303565,-4.6932225773725,-5.20396946776944,-1.28193967994836,-0.720828873275605,-0.720828873275605,-1.18024682542795,-1.18024682542795,-1.28193967994836,32,30,20,26.5,26,28.5
"ld0142","ld0142_10",10,-5.76773428794049,-5.62609503074779,-5.80878205545885,-5.80536546747924,-5.3566028388092,-4.91205723236641,-1.69212309986546,-1.9184711160295,-1.79098962798357,-1.69212309986546,-1.9184711160295,-1.79098962798357,26,30,28,22,22.5,23
"ld0142","ld0142_2",2,-5.79187789355245,-5.11938705352657,-5.31386114761785,-4.96333838713777,-6.51074985329576,-5.06550471204026,-1.56790045382387,-1.47152934687492,-1.29046812382114,-1.29046812382114,-1.56790045382387,-1.47152934687492,32,30,25,25.6,26,30
"ld0142","ld0142_3",3,-5.55992605653383,-5.39906409765321,-5.23332732236234,-5.370361746297,-4.96672975459113,-5.17800029981764,-1.50644967948038,-1.50644967948038,-1.83630404396881,-1.96445792710908,-1.96445792710908,-1.83630404396881,24.5,28,32,22,25.5,24
"ld0142","ld0142_4",4,-5.93493753255862,-5.63017789346817,-5.51129204653435,-5.92642690055423,-4.76012415503243,-5.13922895455255,-1.62092113369196,-1.40210744908665,-1.55909508427882,-1.62092113369196,-1.40210744908665,-1.55909508427882,24,26.5,25,25,22,26
"ld0142","ld0142_5",5,-5.74680470041095,-5.5328553384112,-5.300730876722,-4.74254438130151,-5.0647204821946,-4.74459100155362,-1.01336301022263,-0.963917344008403,-1.01336301022263,-0.963917344008403,-0.712842042576433,-0.712842042576433,24.5,30,22,25,25.5,24
"ld0142","ld0142_6",6,-5.82954945988626,-5.92778952367727,-5.70101620431248,-5.61131478544868,-5.37239521607853,-5.38282286768695,-1.65644908891624,-1.42807562091088,-1.42807562091088,-1.57671476737203,-1.57671476737203,-1.65644908891624,24,23,22,23,28,23.5
"ld0142","ld0142_8",8,-6.19085983402727,-5.93999872760375,-5.49263660859561,-4.72216534460112,-5.26667859302496,-4.90248099967519,-1.46282117660869,-1.41075487475698,-1.22247411528633,-1.22247411528633,-1.41075487475698,-1.46282117660869,23.5,26,23,24,22.5,22
"ld0142","ld0142_9",9,-5.85204770775228,-5.22257336199688,-5.42424255978862,-5.52565821419927,-5.21148758937999,-4.97756431725237,-1.30755019812084,-1.45412173633917,-1.45412173633917,-1.30755019812084,-1.54151110472191,-1.54151110472191,24,28,23,23,22,30
"ld0143","ld0143_1",1,-5.4342610378071,-4.92654693496397,-5.12743970875841,-4.66807761141914,-4.49573639738165,-4.36871609426737,1.35190162616245,0.839967025394838,0.813225275596688,1.35190162616245,0.813225275596688,0.839967025394838,27,25,22,26,25,24
"ld0143","ld0143_10",10,-5.72189339170142,-5.58658707829264,-5.32889390050286,-5.10668644335065,-5.02260292132422,-4.51259528911621,1.11588960383328,0.527346073916668,0.387830352639158,0.527346073916668,0.387830352639158,1.11588960383328,24,32,30,23,22.5,22.5
"ld0143","ld0143_2",2,-5.7592293305181,-5.3298680973627,-5.5727831600372,-5.5491453702954,-5.24767729546438,-4.78709562124854,0.485726373309142,0.231727041952489,0.310129711108231,0.310129711108231,0.231727041952489,0.485726373309142,26.5,23.5,22,24,24,26
"ld0143","ld0143_3",3,-4.2713281911363,-5.75279510857019,-4.76270602233122,-5.27289467906379,-5.26541155045253,-4.83549987082146,0.195853940256796,0.0873361741495521,0.145381146037341,0.195853940256796,0.145381146037341,0.0873361741495521,26,25.5,23.5,32,26,22
"ld0143","ld0143_5",5,-5.92071721558651,-6.19669205352556,-5.89835168873809,-5.21518080363031,-5.02154857793987,-4.61497307771094,0.464841427145989,0.373754614042706,0.373754614042706,0.310129711108231,0.310129711108231,0.464841427145989,24,22,25,30,24.5,24
"ld0143","ld0143_6",6,-5.70892035096695,-5.67071004660854,-5.42231492239603,-5.07115757115009,-4.63001477262593,-4.11484286424384,0.457868593550985,0.45089015252989,0.492676867026398,0.492676867026398,0.457868593550985,0.45089015252989,23.5,28,24,25,22,24.5
"ld0143","ld0143_7",7,-5.65570313449087,-5.61028612065797,-5.13533885267534,-5.19159527825108,-5.11371291753657,-4.74724690038204,0.181463073041441,0.281701541729117,0.281701541729117,0.181463073041441,0.338465053646595,0.338465053646595,22.5,22.5,30,22,24,23
"ld0143","ld0143_8",8,-6.08819970170681,-5.64419481382743,-5.45823356843474,-5.22754972423228,-4.70896936561008,-4.8488268244153,-0.148806041860876,0.130906262043765,-0.0299317042572121,0.130906262043765,-0.0299317042572121,-0.148806041860876,32,23,28,30,23,23.5
"ld0143","ld0143_9",9,-5.75927150621986,-5.63689421631462,-5.51154994421921,-5.27130899836625,-5.19523961441341,-4.62387513795033,0.0727640616705094,0.0946130642548687,0.0435462194478659,0.0946130642548687,0.0435462194478659,0.0727640616705094,24,32,30,22.5,22,23
"ld0146","ld0146_10",10,-5.57947410868468,-5.65096329502389,-5.79542846580669,-5.31908411045531,-5.31455651059912,-5.05564087135778,-0.186290726247462,-0.468827398711954,-0.484364897835337,-0.186290726247462,-0.468827398711954,-0.484364897835337,26,30,28,23,23,23.5
"ld0146","ld0146_2",2,-5.66220828310708,-4.67048543536762,-5.02757353965351,-4.84095479992956,-4.64598718052085,-4.83168905227426,0.238883900867089,0.281701541729117,0.408901243466458,0.408901243466458,0.238883900867089,0.281701541729117,32,30,25,25.4,26,30
"ld0146","ld0146_3",3,-4.61931525747698,-5.46283405494381,-5.55265286796407,-5.16239181720529,-4.68421750589111,-4.82720360372866,-0.231487135406856,0.0215680964066713,-0.330227791346171,-0.330227791346171,0.0215680964066713,-0.231487135406856,30,22,24,26,24,24
"ld0146","ld0146_4",4,-6.28137042371367,-5.5952199509023,-4.97434926754172,-5.26238493849853,-4.39744375000065,-4.80793382568639,-0.0078229255665579,0.253179935306519,-0.0078229255665579,0.203040434201336,0.203040434201336,0.253179935306519,24.5,26,32,25.5,28,28
"ld0146","ld0146_5",5,-5.94016135276944,-5.73242210146894,-5.41067855203397,-5.30407209327041,-4.80751344607362,-4.63362264545256,0.0946130642548687,0.274579923814369,0.0946130642548687,0.274579923814369,0.422920133336207,0.422920133336207,24.5,30,22,24,24,24
"ld0146","ld0146_6",6,-6.03309853787464,-5.48751950031455,-5.35789180250273,-5.32456114156905,-4.82070389077176,-5.0599767577033,0.0654688187506638,0.0654688187506638,0.0215680964066713,0.0215680964066713,0.359656006648881,0.359656006648881,32,24,28,23.5,22,23.5
"ld0146","ld0146_7",7,-5.93252529767522,-5.6750501303418,-5.33028183007374,-5.09476169119073,-5.0581062188448,-4.92976495976939,-0.201330055734689,-0.0373138322584054,0.101883857258418,-0.0373138322584054,0.101883857258418,-0.201330055734689,23.5,24,28,30,24,22
"ld0146","ld0146_9",9,-5.64121592783254,-5.33820771185489,-5.17543747528928,-5.38586918045648,-5.29955473176873,-4.98773071811541,-0.133857388823811,-0.368506154879245,-0.499930266927236,-0.133857388823811,-0.499930266927236,-0.368506154879245,32,23,30,23.5,23.5,28
"ld0150","ld0150_10",10,-5.89760450916038,-5.72832427611914,-5.12928826428598,-4.97010918334529,-5.06153745446038,-4.78383547508259,0.799823433640101,0.651020722269143,0.786400861834641,0.799823433640101,0.651020722269143,0.786400861834641,26,30,28,23,22,23.5
"ld0150","ld0150_2",2,-4.99784336085769,-4.93977113456142,-4.94472424655413,-4.61158763382809,-4.47785952706863,-4.93621483862767,1.3077402537939,1.00526137435484,1.45822421464018,1.45822421464018,1.3077402537939,1.00526137435484,32,30,25.5,25.8,26,30
"ld0150","ld0150_3",3,-5.88795462273842,-5.7603074303496,-5.53038713829555,-5.27115463647958,-5.14796164992182,-4.86509481877845,0.998709701003173,1.04446787602762,0.766227995077503,0.766227995077503,1.04446787602762,0.998709701003173,30,22,24,26,27.5,24
"ld0150","ld0150_4",4,-5.73046706241241,-5.22439779785542,-5.27948835031223,-5.73893960734738,-4.49542873067538,-4.39245983168815,1.2760582509416,1.12881245200276,0.826606451636125,1.2760582509416,1.12881245200276,0.826606451636125,24,31,27.5,26.5,22,26
"ld0150","ld0150_5",5,-5.66720226379351,-5.73699846827707,-5.29625669119864,-5.1335611815737,-4.49176712844677,-4.77387290162405,1.08349803601751,1.21873751519573,1.08349803601751,1.21873751519573,1.62445679378188,1.62445679378188,24.5,30,22,24,24,24
"ld0150","ld0150_6",6,-6.58588267161435,-6.14597655887443,-5.30298423947874,-5.19726063891395,-4.86818071924228,-4.72821413601847,1.1610356265789,1.33930700719965,1.33930700719965,1.14171608403403,1.14171608403403,1.1610356265789,24,25,22,24.5,28,26.5
"ld0150","ld0150_8",8,-5.84838810376499,-5.9477466537533,-5.60076173413861,-4.50827108736594,-5.08923136115908,-4.88517103471765,0.819918442871874,0.998709701003173,1.25062910177859,1.25062910177859,0.998709701003173,0.819918442871874,23.5,26,24,24,22,22
"ld0150","ld0150_9",9,-5.83187065135344,-5.24883506101133,-5.43345507718225,-5.44116585741696,-5.19784345089601,-4.88512975388453,0.91970134693905,0.779681782178723,0.623689389621414,0.91970134693905,0.623689389621414,0.779681782178723,32,22,30,23.5,23.5,28
"ld0153","ld0153_1",1,-4.72657359228466,-5.90662242124321,-5.2243729077619,-4.70853802168537,-4.8938874607436,-4.76925245451082,-1.61206182619242,-2.45774911396397,-2.2456172164573,-1.61206182619242,-2.2456172164573,-2.45774911396397,25,25,22,26,24.5,24
"ld0153","ld0153_10",10,-5.82370956966602,-5.93421691502588,-5.51478226976491,-4.40768337188306,-5.36701256805738,-4.90534544093496,-1.41941092628976,-1.76391412725974,-1.80908700877033,-1.76391412725974,-1.80908700877033,-1.41941092628976,24,32,30,22,22,22
"ld0153","ld0153_2",2,-6.49171363348878,-5.37815526186372,-5.47589690450649,-4.59350963522672,-4.67914648988738,-4.36007541529492,-1.7459106126234,-2.50669279104401,-2.1414647382692,-2.50669279104401,-2.1414647382692,-1.7459106126234,26,25,32,24,23.5,25
"ld0153","ld0153_3",3,-6.04963999559945,-5.88572458344965,-5.19555051152187,-5.19260493282064,-5.10982753937548,-5.0750528625489,-2.06649501977055,-2.10389891794898,-2.01996573434065,-2.06649501977055,-2.01996573434065,-2.10389891794898,22,24,24.5,22,32,26
"ld0153","ld0153_4",4,-5.98129721009938,-5.3421497209917,-4.32829252150953,-4.57509258630638,-5.03533052669006,-5.00527811941544,-2.30295899521082,-2.15088165828403,-2.15088165828403,-2.02925165383785,-2.02925165383785,-2.30295899521082,32,30,25,25,26,26
"ld0153","ld0153_5",5,-5.8132828811824,-5.7562495102401,-5.48437686073357,-5.49933916808516,-4.63122949958896,-5.5130915390257,-1.55029864060407,-1.77292991086769,-1.79098962798357,-1.77292991086769,-1.55029864060407,-1.79098962798357,24,24,23,22,28,26
"ld0153","ld0153_6",6,-5.52734318452048,-5.3047236429877,-4.76496623764932,-5.48694403887259,-5.17555421892728,-4.79088007670746,-1.7459106126234,-1.77292991086769,-1.73692284284835,-1.73692284284835,-1.7459106126234,-1.77292991086769,23.5,28,24,23.5,22,24
"ld0153","ld0153_7",7,-5.90412532386581,-5.87478291777692,-4.83075233326195,-5.54022639318652,-5.40437345739554,-5.01524500249522,-1.81814987219679,-1.299004957704,-2.01068974100194,-2.01068974100194,-1.81814987219679,-1.299004957704,23.5,22,28,23.5,24,24
"ld0153","ld0153_8",8,-6.06382536949404,-5.70691948994755,-5.64365397588846,-5.04125234908977,-5.31249945868608,-4.72572601227785,-1.55029864060407,-1.31610386164444,-1.55029864060407,-1.77292991086769,-1.77292991086769,-1.31610386164444,22.5,22.5,24,30,23,26
"ld0153","ld0153_9",9,-6.02048273150969,-6.05711344448514,-5.58074951068801,-5.38172114964598,-5.39471990275644,-4.74674538632228,-2.2456172164573,-2.18865186347157,-2.30295899521082,-2.18865186347157,-2.30295899521082,-2.2456172164573,24,32,30,22,22,21.5
"ld0154","ld0154_10",10,-5.24899896097029,-5.14807144322657,-5.71566873721648,-5.47252647838671,-5.34111694018953,-4.66232504689318,-0.673017782950825,-0.89027313163634,-0.768904846338523,-0.673017782950825,-0.89027313163634,-0.768904846338523,26,30,28,22,22.5,22
"ld0154","ld0154_2",2,-5.36566880021715,-5.45584454032065,-4.65125496301971,-5.08314760153878,-4.9050662801757,-4.66057782744246,0.174258679981658,0.457868593550985,0.174258679981658,0.130906262043765,0.457868593550985,0.130906262043765,24,24,28,22,24.4,22
"ld0154","ld0154_3",3,-5.98427763494193,-4.89309175378326,-4.7616289273413,-5.21492850963525,-4.4827354971762,-4.90351840676258,-0.208859506048355,-0.208859506048355,-0.507723433990825,-0.809172625983756,-0.809172625983756,-0.507723433990825,27.5,28,32,22,26.5,26.5
"ld0154","ld0154_4",4,-5.07039931133906,-4.56205782436218,-5.57736033045932,-5.39471109317725,-4.43336877235951,-5.10000435733604,-0.163780490688191,-0.074318966981028,-0.163780490688191,-0.133857388823811,-0.133857388823811,-0.074318966981028,26.5,26,32,27,28,27
"ld0154","ld0154_5",5,-5.30941329935261,-4.55514174118562,-5.56681844278471,-4.94865281811061,-4.41574938854174,-4.35592210223844,0.63053029730094,0.623689389621414,0.623689389621414,0.725741027658245,0.63053029730094,0.725741027658245,25.5,26,25.5,22,28,24
"ld0154","ld0154_6",6,-6.61534540024013,-5.96004844159626,-5.74296737245086,-5.4109500381288,-5.47576625410016,-5.10836202140093,0.152609543741494,0.267452456520801,0.267452456520801,-0.000465832339038638,-0.000465832339038638,0.152609543741494,24,24,22,24,28,24
"ld0154","ld0154_7",7,-6.17837935675497,-5.66237434794498,-5.37603310039308,-5.89357261199475,-5.21338080717127,-5.06207975780405,-0.111482582421427,-0.104037115690907,-0.111482582421427,0.281701541729117,0.281701541729117,-0.104037115690907,28,24.5,24,24,22,24
"ld0154","ld0154_8",8,-5.72267145345631,-5.944650047565,-5.79757252044991,-4.97829366847282,-5.31801387547497,-5.02607847858663,-0.0817389682386478,-0.276920176058956,0.116407192769115,0.116407192769115,-0.276920176058956,-0.0817389682386478,22,30,24.5,32,23.5,26
"ld0155","ld0155_10",10,-6.09200248787373,-5.96004107667426,-5.78195593047006,-5.08027174763772,-5.09454878358913,-4.86252223263209,-3.59281986293715,-3.80681659688588,-3.72736040200448,-3.59281986293715,-3.80681659688588,-3.72736040200448,26,30,28,22.5,22.5,22
"ld0155","ld0155_2",2,-6.06452051896196,-4.63778294782064,-4.56353431475536,-4.56207018010707,-4.39664228482524,-4.62682711343664,-0.704862556090431,-0.276920176058956,-0.704862556090431,-0.609676691922707,-0.276920176058956,-0.609676691922707,24,23,28,22,22.8,22
"ld0155","ld0155_3",3,-5.470554660864,-4.65215100301373,-4.93191288840715,-4.94309487691055,-4.56517986521259,-4.30331024617289,-0.299726210058496,-0.299726210058496,-0.546794598339498,-0.593913397956712,-0.593913397956712,-0.546794598339498,29,28,32,22,24.5,26.5
"ld0155","ld0155_4",4,-5.59728852158132,-5.64139517198074,-4.98692032998016,-5.17360532532512,-4.87037086929089,-4.42134484377974,-0.752849909396075,-0.437835612405437,-0.752849909396075,-0.972138747694964,-0.972138747694964,-0.437835612405437,24,26,32,24.5,28,27.5
"ld0155","ld0155_5",5,-5.38936896698709,-5.5626556380861,-5.2147198769129,-5.03035250704035,-4.77753151098779,-4.75790175656071,-0.163780490688191,-0.507723433990825,-0.507723433990825,-0.254173922033598,-0.163780490688191,-0.254173922033598,24,26,24.5,22,28,24
"ld0155","ld0155_6",6,-6.05331271715436,-5.26285833504065,-5.10859890112701,-5.40074020141852,-4.62558842673535,-4.58248456166174,-0.744833566154332,-0.744833566154332,-0.562472454351212,-0.562472454351212,-0.476592670766664,-0.476592670766664,32,24.5,28,25.5,22,25
"ld0155","ld0155_8",8,-5.70837470281386,-5.69970967975651,-5.49350680049733,-5.21540499568395,-4.89470143377788,-4.6139948086885,-3.36227941004299,-3.25461436960346,-3.27604077787704,-3.27604077787704,-3.25461436960346,-3.36227941004299,23.5,26,25.5,24,22,22
"ld0155","ld0155_9",9,-6.18019894226613,-5.92067212245521,-5.73521370078976,-4.86891440215111,-4.90450603399817,-4.68117170361417,-3.57059785094153,-3.85254893431185,-3.89852356339773,-3.57059785094153,-3.89852356339773,-3.85254893431185,32,25,30,23,25,28
"ld0170","ld0170_10",10,-5.94679945077267,-5.76587087978088,-5.90671539368429,-5.50402874493321,-5.38577378800981,-4.68092519067863,-0.633375452966432,-0.809172625983756,-0.809172625983756,-0.801104107557677,-0.633375452966432,-0.801104107557677,32,26,22,22,22.5,30
"ld0170","ld0170_2",2,-5.67846654417367,-5.63622018596503,-5.13458009952492,-5.45529473770559,-4.54659330642426,-4.55178127893142,-0.712842042576433,-0.422381127568923,-0.712842042576433,-0.531145016204281,-0.422381127568923,-0.531145016204281,24,22.5,28,22,23.6,22
"ld0170","ld0170_3",3,-6.63609588683599,-5.36474994695058,-6.21176065623624,-5.52355786491975,-4.3445979107901,-5.23264779778605,-0.906584585578303,-1.2564045238804,-1.13822402687855,-1.13822402687855,-1.2564045238804,-0.906584585578303,30,22,23,26,24,23.5
"ld0170","ld0170_4",4,-6.10792915227593,-5.85429448248701,-5.67766424459515,-5.32859700252781,-4.85921028267332,-4.81195723716571,-0.562472454351212,-0.476592670766664,-0.562472454351212,-0.430104929540413,-0.430104929540413,-0.476592670766664,25,26,32,26,28,27.5
"ld0170","ld0170_5",5,-5.45358243374097,-5.28999886144809,-5.48228347487587,-4.86469715937542,-4.87436657636688,-4.68011412284758,0.623689389621414,0.28881731985812,0.28881731985812,0.401883296507264,0.623689389621414,0.401883296507264,26,26,26,22,28,26
"ld0170","ld0170_6",6,-6.45464669564711,-6.05124385130605,-5.72289006754476,-5.63150907000712,-5.20853937018161,-5.25284030369027,-0.515523606149344,-0.12639270798323,-0.12639270798323,-0.360836962208546,-0.360836962208546,-0.515523606149344,24,23,22,23.5,28,24.5
"ld0170","ld0170_8",8,-6.23860524040832,-5.78745423438057,-5.53337182188358,-5.42956337265888,-5.27274163182971,-4.72647954431844,-0.633375452966432,-0.5389662794125,-0.368506154879245,-0.368506154879245,-0.5389662794125,-0.633375452966432,23.5,30,23,32,23,26
"ld0170","ld0170_9",9,-6.11460078562137,-5.97177996599467,-5.81132035906183,-5.09441045872906,-5.10124497358192,-4.60295454234028,-0.422381127568923,-0.657139112569601,-0.657139112569601,-0.422381127568923,-0.760873664884129,-0.760873664884129,24,28,22,23,23,30
"ld0171","ld0171_10",10,-5.15080018264332,-5.39958338721394,-5.42148120278167,-4.99452284950981,-5.22047874763299,-4.39490293961725,0.281701541729117,0.0508599079904245,-0.391554484344103,0.0508599079904245,-0.391554484344103,0.281701541729117,24,32,30,23.5,23,23
"ld0171","ld0171_2",2,-4.97812710770327,-5.5245639773754,-5.13851326887358,-5.12512148905916,-4.79855325637014,-5.0107108469503,0.443906095056662,0.436916412083452,0.596271701908755,0.436916412083452,0.596271701908755,0.443906095056662,26,26,32,24,28,25.5
"ld0171","ld0171_3",3,-5.84745840670544,-5.50644078692383,-4.87726438309822,-5.07469345062738,-4.70638430982201,-4.98864799610834,-0.0669053048965469,0.12365975561675,0.0215680964066713,-0.0669053048965469,0.0215680964066713,0.12365975561675,22.5,24.5,25,22,32,26
"ld0171","ld0171_5",5,-5.43178361843712,-5.57704471911436,-5.54428210141881,-5.42920494285119,-5.43280738994082,-4.84859667743022,0.0435462194478659,-0.074318966981028,-0.074318966981028,-0.0447022455970994,-0.0447022455970994,0.0435462194478659,24.5,22,25,30,24.5,24
"ld0171","ld0171_6",6,-5.71401222054211,-5.59250830914465,-5.95352157299258,-5.35067101238322,-5.10852048640142,-4.94683689052814,0.00688502870372367,-0.0447022455970994,-0.0447022455970994,0.317222225554611,0.317222225554611,0.00688502870372367,32,28,25,24.5,24,25
"ld0171","ld0171_7",7,-5.42077882899634,-5.91387888627255,-5.52074667299585,-5.63149818583108,-5.02644201467228,-5.93439862643428,-0.776943467517424,-0.78498954221726,-0.89027313163634,-0.89027313163634,-0.776943467517424,-0.78498954221726,25.5,22,28,25,24,25.5
"ld0171","ld0171_9",9,-5.79238027298336,-5.18211584749669,-5.65875251405668,-5.53692461693659,-5.19257956207259,-5.0819234226716,-0.947497867128407,-1.06309203423674,-1.06309203423674,-0.988604959356894,-0.988604959356894,-0.947497867128407,22.5,32,23,22.5,28,26
"ld0175","ld0175_1",1,-5.5740766652528,-6.07920826492098,-5.6313101036548,-5.4762122555091,-5.09814803311046,-5.19795379484545,0.83328930983478,0.786400861834641,0.83328930983478,0.786400861834641,0.732501987051341,0.732501987051341,26,24,28,22,32,24
"ld0175","ld0175_10",10,-6.07694749274414,-5.83505550501584,-5.36031682051323,-4.17516200492533,-4.31020514882452,-4.64367060661433,0.63736581631691,0.859969395239437,1.07700518802132,0.859969395239437,1.07700518802132,0.63736581631691,26,23.5,22,24,22,23
"ld0175","ld0175_2",2,-5.74743785442402,-5.79451483866665,-5.64916986529495,-4.80777633100274,-5.10375256508365,-5.08454155582566,0.752753316994135,0.779681782178723,0.548081307061117,0.548081307061117,0.779681782178723,0.752753316994135,25.5,23,22,24,24,26
"ld0175","ld0175_3",3,-4.60250972814661,-5.552196967788,-5.38663942028111,-5.27025871810095,-4.89768833342255,-4.94628777557352,0.499621798123038,0.380795337302843,0.464841427145989,0.499621798123038,0.464841427145989,0.380795337302843,24.5,25.5,23,32,26,22
"ld0175","ld0175_4",4,-5.70918031682905,-5.41874752775177,-4.96874689239032,-5.30425858066027,-5.30457953304848,-5.30698542586286,0.0727640616705094,0.366708173588878,0.366708173588878,0.295927267770882,0.295927267770882,0.0727640616705094,32,30,23.5,25,26,25
"ld0175","ld0175_5",5,-5.90618560324774,-5.65546413606467,-5.63992440372237,-4.84954452393271,-5.11190883947309,-4.78225539640461,1.11588960383328,0.866626619150194,0.866626619150194,0.799823433640101,0.799823433640101,1.11588960383328,23.5,22,24.5,30,24,24
"ld0175","ld0175_6",6,-6.00751913508704,-5.84310661288158,-5.28173954118394,-5.12813232690535,-5.14297003156967,-4.95384450615576,1.03141871425724,1.09646917586476,1.23788652835514,1.23788652835514,1.03141871425724,1.09646917586476,25.5,28,24,24.5,22,26
"ld0175","ld0175_7",7,-5.95960974192294,-5.98445715631935,-4.72374946356095,-5.45424605943745,-4.65766167160435,-5.72732677930457,0.457868593550985,0.644195955152066,0.534263324934258,0.534263324934258,0.457868593550985,0.644195955152066,24,22,28,24.5,24,24.5
"ld0175","ld0175_8",8,-5.51174353493142,-5.60762083926127,-5.39417319519162,-5.5562614942292,-5.12547105847664,-5.28398161621402,0.651020722269143,0.698644390677814,0.772957495951457,0.698644390677814,0.772957495951457,0.651020722269143,32,23,28,30,22.5,23.5
"ld0175","ld0175_9",9,-5.43603694596701,-5.37818688921896,-5.23956385888026,-5.49647981030518,-5.08539855013234,-5.30259811589551,0.979024949404237,0.965876930310033,0.965876930310033,0.826606451636125,0.826606451636125,0.979024949404237,22.5,32,22.5,22,28,26
